Player,Nation,Team,Position,Age,Matches Played,Starts,Minutes,Goals,Assists,Yellow Cards,Red Cards,xG,xAG,PrgC,PrgP,PrgR,Gls/90,Ast/90,xG/90,xAG/90,GA90,Save%,CS%,PK Save%
1,86,0,1.0,0.0,0.0,0.0,0.0,0.0,0.0,8.0,3.0,0.0,0.0,0.0,0.0,0.0,0.0,0.0,,,0.0,0.0,0.0,0.0
2,170,0,1.9,0.0,0.0,0.0,0.0,0.0,0.2,8.0,0.0,0.0,0.0,0.0,0.12,0.0,0.12,0.12,,,0.0,0.0,0.0,0.0
15,470,0,16.3,3.0,0.0,0.0,0.0,0.0,1.6,57.0,7.0,0.0,0.18,0.18,0.09,0.05,0.15,0.09,,,0.0,0.0,0.0,0.0
13,227,1,13.6,1.0,1.0,0.0,0.0,0.0,0.9,37.0,1.0,0.07,0.15,0.15,0.07,0.02,0.08,0.07,,,0.0,0.0,0.0,0.0
8,824,2,9.2,1.0,2.0,0.0,0.0,0.0,2.2,14.0,104.0,0.22,0.33,0.33,0.23,0.19,0.43,0.23,,,0.0,0.0,0.0,0.0
10,870,0,9.7,0.0,0.0,0.0,0.0,0.0,0.3,19.0,0.0,0.0,0.0,0.0,0.03,0.01,0.04,0.03,,,0.0,0.0,0.0,0.0
0,6,0,0.1,0.0,0.0,0.0,0.0,0.0,0.0,0.0,1.0,0.0,0.0,0.0,0.29,0.5,0.79,0.29,,,0.0,0.0,0.0,0.0
30,569,2,28.5,1.0,2.0,0.0,0.0,0.0,0.6,91.0,52.0,0.07,0.11,0.11,0.02,0.03,0.05,0.02,,,0.0,0.0,0.0,0.0
31,618,4,29.1,6.0,4.0,0.0,0.0,1.0,2.3,96.0,148.0,0.14,0.34,0.34,0.08,0.15,0.23,0.08,,,0.0,0.0,0.0,0.0
17,363,0,15.1,0.0,0.0,0.0,0.0,0.0,0.8,51.0,41.0,0.0,0.0,0.0,0.05,0.08,0.13,0.05,,,0.0,0.0,0.0,0.0
20,707,0,19.0,0.0,0.0,0.0,0.0,0.0,0.7,135.0,6.0,0.0,0.0,0.0,0.04,0.02,0.06,0.04,,,0.0,0.0,0.0,0.0
8,678,0,7.5,0.0,0.0,0.0,0.0,0.0,0.2,50.0,2.0,0.0,0.0,0.0,0.03,0.0,0.03,0.03,,,0.0,0.0,0.0,0.0
0,10,0,0.1,0.0,0.0,0.0,0.0,0.0,0.1,6.0,1.0,0.0,0.0,0.0,0.62,0.86,1.48,0.62,,,0.0,0.0,0.0,0.0
4,434,1,4.8,1.0,1.0,0.0,0.0,0.0,1.3,24.0,8.0,0.21,0.41,0.41,0.27,0.23,0.5,0.27,,,0.0,0.0,0.0,0.0
26,145,2,23.8,6.0,2.0,0.0,0.0,0.0,1.6,204.0,87.0,0.08,0.34,0.34,0.07,0.28,0.35,0.07,,,0.0,0.0,0.0,0.0
22,968,0,21.9,0.0,0.0,0.0,0.0,0.0,0.0,0.0,0.0,0.0,0.0,0.0,0.0,0.03,0.03,0.0,,,0.0,0.0,0.0,0.0
1,157,0,1.7,0.0,0.0,0.0,0.0,0.0,0.5,6.0,18.0,0.0,0.0,0.0,0.3,0.15,0.45,0.3,,,0.0,0.0,0.0,0.0
19,633,0,18.1,1.0,0.0,0.0,0.0,1.0,0.3,75.0,18.0,0.0,0.06,0.06,0.02,0.04,0.06,0.02,,,0.0,0.0,0.0,0.0
0,1,0,0.0,0.0,0.0,0.0,0.0,0.0,0.0,0.0,1.0,0.0,0.0,0.0,0.0,0.0,0.0,0.0,,,0.0,0.0,0.0,0.0
1,76,0,0.8,0.0,0.0,0.0,0.0,0.0,0.0,1.0,1.0,0.0,0.0,0.0,0.03,0.0,0.03,0.03,,,0.0,0.0,0.0,0.0
0,28,0,0.3,0.0,0.0,0.0,0.0,0.0,0.0,0.0,3.0,0.0,0.0,0.0,0.07,0.22,0.29,0.07,,,0.0,0.0,0.0,0.0
0,8,0,0.1,0.0,0.0,0.0,0.0,0.0,0.0,1.0,0.0,0.0,0.0,0.0,0.0,0.0,0.0,0.0,,,0.0,0.0,0.0,0.0
1,90,0,1.0,0.0,0.0,0.0,0.0,0.0,0.0,4.0,1.0,0.0,0.0,0.0,0.04,0.0,0.04,0.04,,,0.0,0.0,0.0,0.0
23,043,0,22.7,0.0,0.0,0.0,0.0,1.0,0.5,98.0,1.0,0.0,0.0,0.0,0.02,0.01,0.04,0.02,,,0.0,0.0,0.0,0.0
27,227,1,24.7,6.0,1.0,0.0,0.0,0.0,1.6,112.0,77.0,0.04,0.28,0.28,0.07,0.12,0.19,0.07,,,0.0,0.0,0.0,0.0
Starts,Min,Gls,90s,0.0,0.0,0.0,0.0,0.0,0.0,0.0,0.0,0.0,0.0,0.0,0.0,0.0,0.0,0.0,,,0.0,0.0,0.0,0.0
25,997,0,22.2,0.0,0.0,0.0,0.0,0.0,0.3,86.0,11.0,0.0,0.0,0.0,0.01,0.03,0.04,0.01,,,0.0,0.0,0.0,0.0
11,836,1,9.3,1.0,1.0,0.0,0.0,0.0,2.2,18.0,59.0,0.11,0.22,0.22,0.24,0.17,0.41,0.24,,,0.0,0.0,0.0,0.0
0,141,0,1.6,0.0,0.0,0.0,0.0,0.0,1.0,6.0,7.0,0.0,0.0,0.0,0.65,0.08,0.73,0.65,,,0.0,0.0,0.0,0.0
5,355,0,3.9,0.0,0.0,0.0,0.0,0.0,0.0,14.0,11.0,0.0,0.0,0.0,0.0,0.0,0.0,0.0,,,0.0,0.0,0.0,0.0
13,314,2,14.6,0.0,2.0,0.0,1.0,0.0,5.1,14.0,62.0,0.14,0.14,0.14,0.35,0.03,0.37,0.29,,,0.0,0.0,0.0,0.0
20,810,0,20.1,0.0,0.0,0.0,0.0,0.0,0.0,0.0,0.0,0.0,0.0,0.0,0.0,0.0,0.0,0.0,,,0.0,0.0,0.0,0.0
20,909,3,21.2,0.0,3.0,0.0,0.0,0.0,2.7,71.0,64.0,0.14,0.14,0.14,0.13,0.07,0.2,0.13,,,0.0,0.0,0.0,0.0
15,248,2,13.9,2.0,2.0,0.0,1.0,0.0,3.3,21.0,79.0,0.14,0.29,0.29,0.24,0.09,0.32,0.17,,,0.0,0.0,0.0,0.0
0,48,0,0.5,0.0,0.0,0.0,0.0,0.0,0.4,1.0,0.0,0.0,0.0,0.0,0.69,0.14,0.82,0.69,,,0.0,0.0,0.0,0.0
25,250,0,25.0,0.0,0.0,0.0,0.0,0.0,0.1,0.0,0.0,0.0,0.0,0.0,0.0,0.0,0.0,0.0,,,0.0,0.0,0.0,0.0
4,395,3,4.4,1.0,3.0,0.0,2.0,0.0,3.8,28.0,20.0,0.68,0.91,0.91,0.86,0.1,0.96,0.5,,,0.0,0.0,0.0,0.0
1,90,0,1.0,0.0,0.0,0.0,0.0,0.0,0.0,0.0,0.0,0.0,0.0,0.0,0.0,0.0,0.0,0.0,,,0.0,0.0,0.0,0.0
3,363,1,4.0,0.0,1.0,0.0,0.0,0.0,2.1,7.0,19.0,0.25,0.25,0.25,0.52,0.03,0.55,0.52,,,0.0,0.0,0.0,0.0
18,633,0,18.1,1.0,0.0,0.0,0.0,0.0,2.2,63.0,55.0,0.0,0.06,0.06,0.12,0.12,0.24,0.12,,,0.0,0.0,0.0,0.0
0,21,0,0.2,0.0,0.0,0.0,0.0,0.0,0.5,0.0,1.0,0.0,0.0,0.0,1.96,0.21,2.17,1.96,,,0.0,0.0,0.0,0.0
15,310,4,14.6,0.0,3.0,1.0,1.0,0.0,2.8,31.0,68.0,0.27,0.27,0.21,0.19,0.05,0.25,0.14,,,0.0,0.0,0.0,0.0
3,334,0,3.7,0.0,0.0,0.0,0.0,0.0,0.0,17.0,2.0,0.0,0.0,0.0,0.0,0.0,0.0,0.0,,,0.0,0.0,0.0,0.0
14,138,1,12.6,2.0,1.0,0.0,0.0,0.0,1.7,35.0,121.0,0.08,0.24,0.24,0.14,0.12,0.26,0.14,,,0.0,0.0,0.0,0.0
25,147,2,23.9,1.0,2.0,0.0,0.0,1.0,3.0,108.0,26.0,0.08,0.13,0.13,0.12,0.05,0.18,0.12,,,0.0,0.0,0.0,0.0
3,554,3,6.2,1.0,3.0,0.0,0.0,0.0,1.7,32.0,8.0,0.49,0.65,0.65,0.27,0.09,0.37,0.27,,,0.0,0.0,0.0,0.0
11,262,9,14.0,3.0,9.0,0.0,0.0,0.0,6.1,60.0,137.0,0.64,0.86,0.86,0.43,0.22,0.66,0.43,,,0.0,0.0,0.0,0.0
29,624,1,29.2,0.0,1.0,0.0,0.0,0.0,1.0,94.0,12.0,0.03,0.03,0.03,0.03,0.0,0.04,0.03,,,0.0,0.0,0.0,0.0
1,90,0,1.0,0.0,0.0,0.0,0.0,0.0,0.0,0.0,0.0,0.0,0.0,0.0,0.0,0.0,0.0,0.0,,,0.0,0.0,0.0,0.0
26,171,2,24.1,0.0,2.0,0.0,0.0,0.0,0.7,55.0,1.0,0.08,0.08,0.08,0.03,0.02,0.05,0.03,,,0.0,0.0,0.0,0.0
2,331,0,3.7,0.0,0.0,0.0,0.0,0.0,0.3,5.0,0.0,0.0,0.0,0.0,0.09,0.0,0.09,0.09,,,0.0,0.0,0.0,0.0
Starts,Min,Gls,90s,0.0,0.0,0.0,0.0,0.0,0.0,0.0,0.0,0.0,0.0,0.0,0.0,0.0,0.0,0.0,,,0.0,0.0,0.0,0.0
18,479,2,16.4,6.0,2.0,0.0,0.0,0.0,1.3,35.0,80.0,0.12,0.49,0.49,0.08,0.22,0.3,0.08,,,0.0,0.0,0.0,0.0
18,428,2,15.9,0.0,2.0,0.0,0.0,0.0,1.3,89.0,32.0,0.13,0.13,0.13,0.08,0.03,0.11,0.08,,,0.0,0.0,0.0,0.0
21,882,0,20.9,0.0,0.0,0.0,0.0,0.0,0.2,99.0,8.0,0.0,0.0,0.0,0.01,0.03,0.04,0.01,,,0.0,0.0,0.0,0.0
10,112,0,12.4,1.0,0.0,0.0,0.0,0.0,0.7,48.0,28.0,0.0,0.08,0.08,0.06,0.05,0.1,0.06,,,0.0,0.0,0.0,0.0
28,380,0,26.4,1.0,0.0,0.0,0.0,0.0,0.3,69.0,75.0,0.0,0.04,0.04,0.01,0.05,0.06,0.01,,,0.0,0.0,0.0,0.0
10,101,6,12.2,0.0,6.0,0.0,0.0,0.0,6.1,9.0,58.0,0.49,0.49,0.49,0.49,0.06,0.56,0.49,,,0.0,0.0,0.0,0.0
1,184,0,2.0,0.0,0.0,0.0,0.0,0.0,0.6,15.0,13.0,0.0,0.0,0.0,0.28,0.54,0.82,0.28,,,0.0,0.0,0.0,0.0
15,210,2,13.4,0.0,2.0,0.0,0.0,0.0,0.6,71.0,3.0,0.15,0.15,0.15,0.04,0.02,0.06,0.04,,,0.0,0.0,0.0,0.0
0,15,0,0.2,0.0,0.0,0.0,0.0,0.0,0.0,1.0,1.0,0.0,0.0,0.0,0.0,0.44,0.44,0.0,,,0.0,0.0,0.0,0.0
5,476,0,5.3,0.0,0.0,0.0,0.0,0.0,0.0,14.0,9.0,0.0,0.0,0.0,0.01,0.02,0.03,0.01,,,0.0,0.0,0.0,0.0
1,150,0,1.7,0.0,0.0,0.0,0.0,0.0,0.1,2.0,0.0,0.0,0.0,0.0,0.04,0.0,0.04,0.04,,,0.0,0.0,0.0,0.0
3,224,0,2.5,0.0,0.0,0.0,0.0,0.0,0.0,3.0,0.0,0.0,0.0,0.0,0.01,0.0,0.01,0.01,,,0.0,0.0,0.0,0.0
28,456,8,27.3,5.0,7.0,1.0,1.0,0.0,7.2,81.0,166.0,0.29,0.48,0.44,0.26,0.2,0.46,0.24,,,0.0,0.0,0.0,0.0
3,463,0,5.1,1.0,0.0,0.0,0.0,0.0,0.5,22.0,21.0,0.0,0.19,0.19,0.11,0.07,0.18,0.11,,,0.0,0.0,0.0,0.0
23,078,0,23.1,1.0,0.0,0.0,0.0,0.0,0.8,54.0,1.0,0.0,0.04,0.04,0.03,0.02,0.06,0.03,,,0.0,0.0,0.0,0.0
11,890,0,9.9,1.0,0.0,0.0,0.0,0.0,0.1,30.0,34.0,0.0,0.1,0.1,0.01,0.09,0.1,0.01,,,0.0,0.0,0.0,0.0
4,449,0,5.0,0.0,0.0,0.0,0.0,0.0,0.9,9.0,42.0,0.0,0.0,0.0,0.18,0.02,0.2,0.18,,,0.0,0.0,0.0,0.0
6,605,1,6.7,0.0,1.0,0.0,0.0,0.0,1.5,12.0,27.0,0.15,0.15,0.15,0.22,0.1,0.32,0.22,,,0.0,0.0,0.0,0.0
3,272,0,3.0,0.0,0.0,0.0,0.0,0.0,0.1,2.0,25.0,0.0,0.0,0.0,0.04,0.06,0.09,0.04,,,0.0,0.0,0.0,0.0
8,793,2,8.8,0.0,2.0,0.0,0.0,0.0,2.2,26.0,72.0,0.23,0.23,0.23,0.25,0.19,0.44,0.25,,,0.0,0.0,0.0,0.0
0,98,0,1.1,0.0,0.0,0.0,0.0,0.0,0.7,7.0,6.0,0.0,0.0,0.0,0.6,0.02,0.62,0.6,,,0.0,0.0,0.0,0.0
17,581,0,17.6,0.0,0.0,0.0,0.0,0.0,0.4,27.0,1.0,0.0,0.0,0.0,0.02,0.0,0.02,0.02,,,0.0,0.0,0.0,0.0
13,399,4,15.5,2.0,4.0,0.0,0.0,0.0,3.6,49.0,63.0,0.26,0.39,0.39,0.23,0.2,0.42,0.23,,,0.0,0.0,0.0,0.0
13,215,0,13.5,1.0,0.0,0.0,0.0,0.0,0.7,36.0,3.0,0.0,0.07,0.07,0.05,0.04,0.09,0.05,,,0.0,0.0,0.0,0.0
31,790,0,31.0,0.0,0.0,0.0,0.0,0.0,1.3,51.0,7.0,0.0,0.0,0.0,0.04,0.03,0.07,0.04,,,0.0,0.0,0.0,0.0
Starts,Min,Gls,90s,0.0,0.0,0.0,0.0,0.0,0.0,0.0,0.0,0.0,0.0,0.0,0.0,0.0,0.0,0.0,,,0.0,0.0,0.0,0.0
12,926,0,10.3,1.0,0.0,0.0,0.0,0.0,0.5,8.0,65.0,0.0,0.1,0.1,0.05,0.16,0.21,0.05,,,0.0,0.0,0.0,0.0
32,811,1,31.2,2.0,1.0,0.0,0.0,0.0,0.7,180.0,32.0,0.03,0.1,0.1,0.02,0.09,0.12,0.02,,,0.0,0.0,0.0,0.0
2,470,1,5.2,0.0,1.0,0.0,0.0,1.0,0.2,47.0,28.0,0.19,0.19,0.19,0.04,0.15,0.19,0.04,,,0.0,0.0,0.0,0.0
22,694,1,18.8,0.0,1.0,0.0,0.0,0.0,0.5,45.0,15.0,0.05,0.05,0.05,0.03,0.03,0.06,0.03,,,0.0,0.0,0.0,0.0
11,925,2,10.3,1.0,2.0,0.0,0.0,0.0,0.9,54.0,29.0,0.19,0.29,0.29,0.08,0.03,0.11,0.08,,,0.0,0.0,0.0,0.0
19,574,3,17.5,1.0,3.0,0.0,0.0,0.0,6.1,19.0,105.0,0.17,0.23,0.23,0.35,0.04,0.39,0.35,,,0.0,0.0,0.0,0.0
8,830,0,9.2,0.0,0.0,0.0,0.0,0.0,0.6,34.0,0.0,0.0,0.0,0.0,0.07,0.0,0.07,0.07,,,0.0,0.0,0.0,0.0
3,455,2,5.1,1.0,2.0,0.0,0.0,0.0,2.5,17.0,23.0,0.4,0.59,0.59,0.49,0.13,0.62,0.49,,,0.0,0.0,0.0,0.0
15,271,1,14.1,0.0,1.0,0.0,0.0,0.0,1.5,65.0,26.0,0.07,0.07,0.07,0.1,0.16,0.26,0.1,,,0.0,0.0,0.0,0.0
0,1,0,0.0,0.0,0.0,0.0,0.0,0.0,0.0,0.0,0.0,0.0,0.0,0.0,0.0,0.0,0.0,0.0,,,0.0,0.0,0.0,0.0
18,560,1,17.3,1.0,1.0,0.0,0.0,0.0,0.3,38.0,65.0,0.06,0.12,0.12,0.02,0.06,0.08,0.02,,,0.0,0.0,0.0,0.0
0,19,0,0.2,0.0,0.0,0.0,0.0,0.0,0.0,5.0,1.0,0.0,0.0,0.0,0.0,0.0,0.0,0.0,,,0.0,0.0,0.0,0.0
17,612,0,17.9,1.0,0.0,0.0,0.0,0.0,0.4,61.0,65.0,0.0,0.06,0.06,0.02,0.07,0.09,0.02,,,0.0,0.0,0.0,0.0
12,060,3,11.8,0.0,3.0,0.0,0.0,0.0,1.2,34.0,6.0,0.25,0.25,0.25,0.1,0.03,0.14,0.1,,,0.0,0.0,0.0,0.0
7,566,0,6.3,1.0,0.0,0.0,0.0,0.0,0.7,24.0,2.0,0.0,0.16,0.16,0.12,0.19,0.3,0.12,,,0.0,0.0,0.0,0.0
7,624,1,6.9,1.0,1.0,0.0,0.0,0.0,1.2,25.0,20.0,0.14,0.29,0.29,0.17,0.09,0.26,0.17,,,0.0,0.0,0.0,0.0
0,17,0,0.2,0.0,0.0,0.0,0.0,0.0,0.1,1.0,4.0,0.0,0.0,0.0,0.36,0.0,0.36,0.36,,,0.0,0.0,0.0,0.0
0,37,0,0.4,0.0,0.0,0.0,0.0,0.0,0.2,2.0,6.0,0.0,0.0,0.0,0.6,0.0,0.6,0.6,,,0.0,0.0,0.0,0.0
0,139,0,1.5,0.0,0.0,0.0,0.0,0.0,0.1,3.0,10.0,0.0,0.0,0.0,0.05,0.13,0.18,0.05,,,0.0,0.0,0.0,0.0
0,7,0,0.1,0.0,0.0,0.0,0.0,0.0,0.0,0.0,0.0,0.0,0.0,0.0,0.0,0.42,0.42,0.0,,,0.0,0.0,0.0,0.0
1,131,0,1.5,0.0,0.0,0.0,0.0,0.0,0.0,3.0,6.0,0.0,0.0,0.0,0.0,0.27,0.27,0.0,,,0.0,0.0,0.0,0.0
27,117,2,23.5,3.0,2.0,0.0,0.0,0.0,1.8,137.0,44.0,0.09,0.21,0.21,0.08,0.15,0.23,0.08,,,0.0,0.0,0.0,0.0
4,379,0,4.2,0.0,0.0,0.0,0.0,1.0,0.1,14.0,2.0,0.0,0.0,0.0,0.02,0.01,0.03,0.02,,,0.0,0.0,0.0,0.0
9,960,0,10.7,4.0,0.0,0.0,0.0,0.0,1.0,30.0,47.0,0.0,0.37,0.37,0.09,0.18,0.27,0.09,,,0.0,0.0,0.0,0.0
5,483,0,5.4,0.0,0.0,0.0,0.0,0.0,0.0,7.0,8.0,0.0,0.0,0.0,0.0,0.06,0.06,0.0,,,0.0,0.0,0.0,0.0
Starts,Min,Gls,90s,0.0,0.0,0.0,0.0,0.0,0.0,0.0,0.0,0.0,0.0,0.0,0.0,0.0,0.0,0.0,,,0.0,0.0,0.0,0.0
13,174,0,13.0,0.0,0.0,0.0,0.0,0.0,0.0,26.0,0.0,0.0,0.0,0.0,0.0,0.0,0.0,0.0,,,0.0,0.0,0.0,0.0
2,197,0,2.2,0.0,0.0,0.0,0.0,0.0,0.6,8.0,2.0,0.0,0.0,0.0,0.26,0.0,0.26,0.26,,,0.0,0.0,0.0,0.0
32,880,2,32.0,2.0,2.0,0.0,0.0,0.0,2.3,109.0,17.0,0.06,0.12,0.12,0.07,0.05,0.12,0.07,,,0.0,0.0,0.0,0.0
0,179,0,2.0,0.0,0.0,0.0,0.0,0.0,0.2,5.0,2.0,0.0,0.0,0.0,0.09,0.13,0.22,0.09,,,0.0,0.0,0.0,0.0
29,609,1,29.0,1.0,1.0,0.0,0.0,0.0,1.0,121.0,9.0,0.03,0.07,0.07,0.04,0.04,0.07,0.04,,,0.0,0.0,0.0,0.0
29,662,1,29.6,3.0,1.0,0.0,0.0,0.0,0.9,149.0,48.0,0.03,0.14,0.14,0.03,0.14,0.17,0.03,,,0.0,0.0,0.0,0.0
1,72,0,0.8,0.0,0.0,0.0,0.0,0.0,0.2,0.0,5.0,0.0,0.0,0.0,0.2,0.0,0.2,0.2,,,0.0,0.0,0.0,0.0
8,770,0,8.6,0.0,0.0,0.0,0.0,0.0,0.2,29.0,22.0,0.0,0.0,0.0,0.02,0.07,0.1,0.02,,,0.0,0.0,0.0,0.0
1,109,0,1.2,0.0,0.0,0.0,0.0,0.0,0.0,3.0,2.0,0.0,0.0,0.0,0.04,0.0,0.04,0.04,,,0.0,0.0,0.0,0.0
7,589,0,6.5,0.0,0.0,0.0,0.0,0.0,0.1,24.0,2.0,0.0,0.0,0.0,0.02,0.17,0.19,0.02,,,0.0,0.0,0.0,0.0
27,448,4,27.2,1.0,4.0,0.0,0.0,1.0,2.2,92.0,102.0,0.15,0.18,0.18,0.08,0.07,0.15,0.08,,,0.0,0.0,0.0,0.0
3,259,0,2.9,0.0,0.0,0.0,0.0,0.0,0.0,9.0,0.0,0.0,0.0,0.0,0.01,0.0,0.01,0.01,,,0.0,0.0,0.0,0.0
24,164,14,24.0,4.0,14.0,0.0,0.0,0.0,7.3,115.0,138.0,0.58,0.75,0.75,0.3,0.28,0.58,0.3,,,0.0,0.0,0.0,0.0
5,617,1,6.9,0.0,1.0,0.0,0.0,0.0,1.3,8.0,33.0,0.15,0.15,0.15,0.18,0.0,0.18,0.18,,,0.0,0.0,0.0,0.0
31,756,0,30.6,3.0,0.0,0.0,0.0,0.0,2.0,99.0,161.0,0.0,0.1,0.1,0.07,0.07,0.13,0.07,,,0.0,0.0,0.0,0.0
28,409,2,26.8,10.0,2.0,0.0,0.0,0.0,2.6,198.0,110.0,0.07,0.45,0.45,0.1,0.27,0.37,0.1,,,0.0,0.0,0.0,0.0
4,210,0,2.3,0.0,0.0,0.0,0.0,0.0,0.0,10.0,1.0,0.0,0.0,0.0,0.0,0.0,0.0,0.0,,,0.0,0.0,0.0,0.0
0,11,0,0.1,0.0,0.0,0.0,0.0,0.0,0.0,0.0,0.0,0.0,0.0,0.0,0.0,0.0,0.0,0.0,,,0.0,0.0,0.0,0.0
4,347,0,3.9,0.0,0.0,0.0,0.0,0.0,0.3,7.0,0.0,0.0,0.0,0.0,0.09,0.01,0.1,0.09,,,0.0,0.0,0.0,0.0
10,901,0,10.0,0.0,0.0,0.0,0.0,0.0,0.3,43.0,5.0,0.0,0.0,0.0,0.03,0.02,0.05,0.03,,,0.0,0.0,0.0,0.0
29,532,1,28.1,2.0,1.0,0.0,0.0,0.0,0.9,55.0,117.0,0.04,0.11,0.11,0.03,0.15,0.18,0.03,,,0.0,0.0,0.0,0.0
10,971,0,10.8,0.0,0.0,0.0,0.0,0.0,0.5,20.0,5.0,0.0,0.0,0.0,0.05,0.0,0.05,0.05,,,0.0,0.0,0.0,0.0
14,279,3,14.2,7.0,3.0,0.0,0.0,0.0,3.1,119.0,119.0,0.21,0.7,0.7,0.22,0.5,0.72,0.22,,,0.0,0.0,0.0,0.0
29,344,12,26.0,2.0,10.0,2.0,2.0,0.0,9.0,30.0,101.0,0.46,0.54,0.46,0.35,0.07,0.42,0.29,,,0.0,0.0,0.0,0.0
23,046,0,22.7,0.0,0.0,0.0,0.0,0.0,1.3,60.0,27.0,0.0,0.0,0.0,0.06,0.01,0.06,0.06,,,0.0,0.0,0.0,0.0
Starts,Min,Gls,90s,0.0,0.0,0.0,0.0,0.0,0.0,0.0,0.0,0.0,0.0,0.0,0.0,0.0,0.0,0.0,,,0.0,0.0,0.0,0.0
3,349,1,3.9,0.0,1.0,0.0,0.0,0.0,0.5,13.0,10.0,0.26,0.26,0.26,0.13,0.11,0.24,0.13,,,0.0,0.0,0.0,0.0
2,258,0,2.9,1.0,0.0,0.0,0.0,0.0,0.2,14.0,11.0,0.0,0.35,0.35,0.08,0.37,0.45,0.08,,,0.0,0.0,0.0,0.0
17,594,6,17.7,6.0,6.0,0.0,0.0,0.0,4.1,53.0,159.0,0.34,0.68,0.68,0.23,0.22,0.45,0.23,,,0.0,0.0,0.0,0.0
19,731,0,19.2,0.0,0.0,0.0,0.0,0.0,1.3,106.0,6.0,0.0,0.0,0.0,0.07,0.01,0.08,0.07,,,0.0,0.0,0.0,0.0
24,061,11,22.9,5.0,11.0,0.0,0.0,0.0,9.1,98.0,259.0,0.48,0.7,0.7,0.4,0.19,0.59,0.4,,,0.0,0.0,0.0,0.0
18,667,2,18.5,0.0,2.0,0.0,0.0,0.0,2.4,59.0,86.0,0.11,0.11,0.11,0.13,0.08,0.21,0.13,,,0.0,0.0,0.0,0.0
26,151,0,23.9,4.0,0.0,0.0,0.0,0.0,0.8,51.0,135.0,0.0,0.17,0.17,0.03,0.17,0.21,0.03,,,0.0,0.0,0.0,0.0
15,339,0,14.9,0.0,0.0,0.0,0.0,0.0,0.5,25.0,3.0,0.0,0.0,0.0,0.04,0.01,0.04,0.04,,,0.0,0.0,0.0,0.0
5,460,0,5.1,0.0,0.0,0.0,0.0,0.0,0.1,15.0,5.0,0.0,0.0,0.0,0.02,0.08,0.09,0.02,,,0.0,0.0,0.0,0.0
4,364,1,4.0,0.0,1.0,0.0,0.0,0.0,0.3,16.0,2.0,0.25,0.25,0.25,0.07,0.02,0.09,0.07,,,0.0,0.0,0.0,0.0
1,90,0,1.0,0.0,0.0,0.0,0.0,0.0,0.0,0.0,1.0,0.0,0.0,0.0,0.0,0.0,0.0,0.0,,,0.0,0.0,0.0,0.0
0,20,0,0.2,0.0,0.0,0.0,0.0,0.0,0.0,0.0,1.0,0.0,0.0,0.0,0.0,0.0,0.0,0.0,,,0.0,0.0,0.0,0.0
21,809,2,20.1,1.0,2.0,0.0,0.0,0.0,1.0,73.0,39.0,0.1,0.15,0.15,0.05,0.08,0.13,0.05,,,0.0,0.0,0.0,0.0
14,277,3,14.2,4.0,3.0,0.0,0.0,0.0,1.0,60.0,227.0,0.21,0.49,0.49,0.07,0.25,0.32,0.07,,,0.0,0.0,0.0,0.0
18,567,0,17.4,0.0,0.0,0.0,0.0,0.0,1.4,60.0,24.0,0.0,0.0,0.0,0.08,0.07,0.15,0.08,,,0.0,0.0,0.0,0.0
5,438,0,4.9,0.0,0.0,0.0,0.0,1.0,0.3,19.0,44.0,0.0,0.0,0.0,0.07,0.09,0.16,0.07,,,0.0,0.0,0.0,0.0
0,14,0,0.2,0.0,0.0,0.0,0.0,0.0,0.0,0.0,0.0,0.0,0.0,0.0,0.0,0.0,0.0,0.0,,,0.0,0.0,0.0,0.0
27,245,3,24.9,1.0,3.0,0.0,0.0,1.0,3.6,70.0,87.0,0.12,0.16,0.16,0.14,0.09,0.23,0.14,,,0.0,0.0,0.0,0.0
4,452,0,5.0,0.0,0.0,0.0,0.0,0.0,0.4,19.0,7.0,0.0,0.0,0.0,0.08,0.0,0.08,0.08,,,0.0,0.0,0.0,0.0
19,611,1,17.9,0.0,1.0,0.0,0.0,0.0,0.6,55.0,26.0,0.06,0.06,0.06,0.03,0.05,0.08,0.03,,,0.0,0.0,0.0,0.0
3,488,0,5.4,1.0,0.0,0.0,0.0,0.0,0.6,40.0,4.0,0.0,0.18,0.18,0.1,0.09,0.2,0.1,,,0.0,0.0,0.0,0.0
14,252,0,13.9,0.0,0.0,0.0,0.0,0.0,0.1,37.0,2.0,0.0,0.0,0.0,0.01,0.03,0.04,0.01,,,0.0,0.0,0.0,0.0
10,900,0,10.0,0.0,0.0,0.0,0.0,0.0,0.0,0.0,0.0,0.0,0.0,0.0,0.0,0.0,0.0,0.0,,,0.0,0.0,0.0,0.0
20,813,0,20.1,0.0,0.0,0.0,0.0,0.0,0.7,134.0,3.0,0.0,0.0,0.0,0.03,0.03,0.06,0.03,,,0.0,0.0,0.0,0.0
4,638,7,7.1,0.0,7.0,0.0,0.0,1.0,4.9,13.0,44.0,0.99,0.99,0.99,0.69,0.03,0.71,0.69,,,0.0,0.0,0.0,0.0
Starts,Min,Gls,90s,0.0,0.0,0.0,0.0,0.0,0.0,0.0,0.0,0.0,0.0,0.0,0.0,0.0,0.0,0.0,,,0.0,0.0,0.0,0.0
22,960,0,21.8,4.0,0.0,0.0,0.0,0.0,0.0,1.0,0.0,0.0,0.18,0.18,0.0,0.07,0.07,0.0,,,0.0,0.0,0.0,0.0
0,2,0,0.0,0.0,0.0,0.0,0.0,0.0,0.0,0.0,0.0,0.0,0.0,0.0,0.0,0.0,0.0,0.0,,,0.0,0.0,0.0,0.0
1,115,0,1.3,0.0,0.0,0.0,0.0,0.0,0.4,4.0,7.0,0.0,0.0,0.0,0.31,0.04,0.34,0.31,,,0.0,0.0,0.0,0.0
0,29,0,0.3,0.0,0.0,0.0,0.0,0.0,0.0,1.0,2.0,0.0,0.0,0.0,0.0,0.13,0.13,0.0,,,0.0,0.0,0.0,0.0
0,65,0,0.7,0.0,0.0,0.0,0.0,0.0,0.0,4.0,23.0,0.0,0.0,0.0,0.0,0.14,0.14,0.0,,,0.0,0.0,0.0,0.0
0,12,0,0.1,0.0,0.0,0.0,0.0,0.0,0.0,0.0,0.0,0.0,0.0,0.0,0.0,0.0,0.0,0.0,,,0.0,0.0,0.0,0.0
25,007,6,22.3,8.0,6.0,0.0,0.0,0.0,3.9,47.0,162.0,0.27,0.63,0.63,0.18,0.19,0.37,0.18,,,0.0,0.0,0.0,0.0
0,164,0,1.8,1.0,0.0,0.0,0.0,0.0,0.4,23.0,20.0,0.0,0.55,0.55,0.23,0.42,0.65,0.23,,,0.0,0.0,0.0,0.0
0,31,0,0.3,0.0,0.0,0.0,0.0,0.0,0.2,2.0,1.0,0.0,0.0,0.0,0.44,0.0,0.44,0.44,,,0.0,0.0,0.0,0.0
7,505,1,5.6,3.0,1.0,0.0,0.0,0.0,1.1,21.0,26.0,0.18,0.71,0.71,0.2,0.22,0.42,0.2,,,0.0,0.0,0.0,0.0
2,294,0,3.3,0.0,0.0,0.0,0.0,0.0,1.0,14.0,17.0,0.0,0.0,0.0,0.31,0.07,0.38,0.31,,,0.0,0.0,0.0,0.0
0,154,0,1.7,0.0,0.0,0.0,0.0,0.0,0.0,9.0,1.0,0.0,0.0,0.0,0.0,0.01,0.01,0.0,,,0.0,0.0,0.0,0.0
10,903,0,10.0,1.0,0.0,0.0,0.0,0.0,0.2,41.0,24.0,0.0,0.1,0.1,0.02,0.24,0.25,0.02,,,0.0,0.0,0.0,0.0
0,23,1,0.3,0.0,1.0,0.0,0.0,0.0,0.3,1.0,6.0,3.91,3.91,3.91,1.2,0.51,1.71,1.2,,,0.0,0.0,0.0,0.0
21,952,1,21.7,1.0,1.0,0.0,0.0,0.0,0.7,94.0,98.0,0.05,0.09,0.09,0.03,0.09,0.12,0.03,,,0.0,0.0,0.0,0.0
22,813,9,20.1,0.0,9.0,0.0,1.0,0.0,10.8,19.0,83.0,0.45,0.45,0.45,0.54,0.07,0.61,0.5,,,0.0,0.0,0.0,0.0
0,1,0,0.0,0.0,0.0,0.0,0.0,0.0,0.0,0.0,0.0,0.0,0.0,0.0,0.0,0.0,0.0,0.0,,,0.0,0.0,0.0,0.0
3,290,0,3.2,0.0,0.0,0.0,0.0,0.0,0.1,8.0,2.0,0.0,0.0,0.0,0.03,0.0,0.03,0.03,,,0.0,0.0,0.0,0.0
26,230,3,24.8,8.0,3.0,0.0,1.0,0.0,7.8,84.0,137.0,0.12,0.44,0.44,0.32,0.19,0.51,0.28,,,0.0,0.0,0.0,0.0
12,070,0,11.9,0.0,0.0,0.0,0.0,0.0,0.0,0.0,0.0,0.0,0.0,0.0,0.0,0.0,0.0,0.0,,,0.0,0.0,0.0,0.0
24,275,1,25.3,0.0,1.0,0.0,0.0,0.0,1.4,72.0,1.0,0.04,0.04,0.04,0.05,0.0,0.06,0.05,,,0.0,0.0,0.0,0.0
6,579,0,6.4,2.0,0.0,0.0,0.0,0.0,0.4,17.0,60.0,0.0,0.31,0.31,0.06,0.24,0.31,0.06,,,0.0,0.0,0.0,0.0
3,369,1,4.1,1.0,1.0,0.0,0.0,0.0,2.2,26.0,30.0,0.24,0.49,0.49,0.54,0.23,0.78,0.54,,,0.0,0.0,0.0,0.0
1,140,0,1.6,0.0,0.0,0.0,0.0,0.0,0.6,0.0,6.0,0.0,0.0,0.0,0.36,0.19,0.55,0.36,,,0.0,0.0,0.0,0.0
2,246,1,2.7,0.0,1.0,0.0,0.0,0.0,0.5,1.0,9.0,0.37,0.37,0.37,0.2,0.15,0.35,0.2,,,0.0,0.0,0.0,0.0
Starts,Min,Gls,90s,0.0,0.0,0.0,0.0,0.0,0.0,0.0,0.0,0.0,0.0,0.0,0.0,0.0,0.0,0.0,,,0.0,0.0,0.0,0.0
31,636,8,29.3,9.0,5.0,3.0,3.0,2.0,8.8,254.0,113.0,0.27,0.58,0.48,0.3,0.23,0.53,0.22,,,0.0,0.0,0.0,0.0
28,409,2,26.8,3.0,2.0,0.0,0.0,0.0,3.7,122.0,91.0,0.07,0.19,0.19,0.14,0.09,0.23,0.14,,,0.0,0.0,0.0,0.0
26,410,5,26.8,5.0,5.0,0.0,0.0,0.0,5.3,185.0,103.0,0.19,0.37,0.37,0.2,0.21,0.41,0.2,,,0.0,0.0,0.0,0.0
31,735,0,30.4,1.0,0.0,0.0,0.0,0.0,0.0,0.0,0.0,0.0,0.03,0.03,0.0,0.01,0.01,0.0,,,0.0,0.0,0.0,0.0
19,686,7,18.7,2.0,7.0,0.0,0.0,0.0,5.1,95.0,119.0,0.37,0.48,0.48,0.27,0.25,0.52,0.27,,,0.0,0.0,0.0,0.0
14,172,0,13.0,0.0,0.0,0.0,0.0,0.0,0.4,32.0,4.0,0.0,0.0,0.0,0.03,0.03,0.07,0.03,,,0.0,0.0,0.0,0.0
1,237,0,2.6,0.0,0.0,0.0,0.0,0.0,0.1,8.0,28.0,0.0,0.0,0.0,0.05,0.01,0.07,0.05,,,0.0,0.0,0.0,0.0
7,630,0,7.0,0.0,0.0,0.0,0.0,0.0,0.0,0.0,0.0,0.0,0.0,0.0,0.0,0.0,0.0,0.0,,,0.0,0.0,0.0,0.0
0,26,1,0.3,0.0,1.0,0.0,0.0,0.0,0.1,2.0,2.0,3.46,3.46,3.46,0.43,0.0,0.43,0.43,,,0.0,0.0,0.0,0.0
4,306,0,3.4,0.0,0.0,0.0,0.0,1.0,0.0,8.0,18.0,0.0,0.0,0.0,0.01,0.03,0.04,0.01,,,0.0,0.0,0.0,0.0
3,465,3,5.2,1.0,3.0,0.0,0.0,0.0,1.8,5.0,16.0,0.58,0.77,0.77,0.35,0.29,0.64,0.35,,,0.0,0.0,0.0,0.0
17,501,8,16.7,3.0,8.0,0.0,0.0,0.0,6.0,48.0,219.0,0.48,0.66,0.66,0.36,0.21,0.57,0.36,,,0.0,0.0,0.0,0.0
29,537,0,28.2,3.0,0.0,0.0,0.0,0.0,1.0,119.0,21.0,0.0,0.11,0.11,0.04,0.06,0.1,0.04,,,0.0,0.0,0.0,0.0
5,318,0,3.5,0.0,0.0,0.0,0.0,0.0,0.0,15.0,28.0,0.0,0.0,0.0,0.01,0.05,0.06,0.01,,,0.0,0.0,0.0,0.0
20,876,5,20.8,1.0,5.0,0.0,0.0,0.0,6.2,47.0,249.0,0.24,0.29,0.29,0.3,0.13,0.43,0.3,,,0.0,0.0,0.0,0.0
11,054,0,11.7,1.0,0.0,0.0,0.0,0.0,0.3,31.0,22.0,0.0,0.09,0.09,0.03,0.09,0.12,0.03,,,0.0,0.0,0.0,0.0
0,89,0,1.0,1.0,0.0,0.0,0.0,0.0,0.1,2.0,16.0,0.0,1.01,1.01,0.13,0.73,0.86,0.13,,,0.0,0.0,0.0,0.0
28,288,5,25.4,7.0,5.0,0.0,0.0,1.0,4.3,139.0,112.0,0.2,0.47,0.47,0.17,0.17,0.34,0.17,,,0.0,0.0,0.0,0.0
1,98,0,1.1,0.0,0.0,0.0,0.0,0.0,0.1,11.0,2.0,0.0,0.0,0.0,0.07,0.0,0.07,0.07,,,0.0,0.0,0.0,0.0
2,108,0,1.2,0.0,0.0,0.0,0.0,0.0,0.0,4.0,1.0,0.0,0.0,0.0,0.0,0.0,0.0,0.0,,,0.0,0.0,0.0,0.0
0,16,0,0.2,0.0,0.0,0.0,0.0,0.0,0.0,0.0,3.0,0.0,0.0,0.0,0.0,0.0,0.0,0.0,,,0.0,0.0,0.0,0.0
30,511,3,27.9,1.0,3.0,0.0,0.0,1.0,2.6,141.0,62.0,0.11,0.14,0.14,0.09,0.04,0.13,0.09,,,0.0,0.0,0.0,0.0
6,616,1,6.8,0.0,1.0,0.0,0.0,0.0,0.4,24.0,60.0,0.15,0.15,0.15,0.05,0.12,0.17,0.05,,,0.0,0.0,0.0,0.0
24,074,0,23.0,1.0,0.0,0.0,0.0,0.0,0.7,64.0,12.0,0.0,0.04,0.04,0.03,0.04,0.07,0.03,,,0.0,0.0,0.0,0.0
4,417,0,4.6,0.0,0.0,0.0,0.0,0.0,0.3,18.0,12.0,0.0,0.0,0.0,0.07,0.11,0.18,0.07,,,0.0,0.0,0.0,0.0
Starts,Min,Gls,90s,0.0,0.0,0.0,0.0,0.0,0.0,0.0,0.0,0.0,0.0,0.0,0.0,0.0,0.0,0.0,,,0.0,0.0,0.0,0.0
6,519,0,5.8,0.0,0.0,0.0,0.0,0.0,0.3,35.0,2.0,0.0,0.0,0.0,0.06,0.02,0.08,0.06,,,0.0,0.0,0.0,0.0
7,570,0,6.3,0.0,0.0,0.0,0.0,0.0,0.2,40.0,8.0,0.0,0.0,0.0,0.04,0.01,0.05,0.04,,,0.0,0.0,0.0,0.0
25,150,6,23.9,5.0,5.0,1.0,2.0,0.0,7.9,89.0,189.0,0.25,0.46,0.42,0.33,0.21,0.54,0.27,,,0.0,0.0,0.0,0.0
32,741,0,30.5,3.0,0.0,0.0,0.0,0.0,0.9,153.0,51.0,0.0,0.1,0.1,0.03,0.09,0.12,0.03,,,0.0,0.0,0.0,0.0
14,346,0,15.0,0.0,0.0,0.0,0.0,0.0,0.0,31.0,15.0,0.0,0.0,0.0,0.0,0.01,0.01,0.0,,,0.0,0.0,0.0,0.0
7,720,1,8.0,1.0,1.0,0.0,0.0,0.0,1.1,52.0,118.0,0.12,0.25,0.25,0.14,0.23,0.37,0.14,,,0.0,0.0,0.0,0.0
19,665,1,18.5,0.0,1.0,0.0,0.0,0.0,1.2,48.0,4.0,0.05,0.05,0.05,0.07,0.0,0.07,0.07,,,0.0,0.0,0.0,0.0
6,498,0,5.5,1.0,0.0,0.0,0.0,0.0,0.4,17.0,46.0,0.0,0.18,0.18,0.07,0.13,0.2,0.07,,,0.0,0.0,0.0,0.0
2,143,0,1.6,0.0,0.0,0.0,0.0,0.0,0.1,1.0,3.0,0.0,0.0,0.0,0.07,0.01,0.08,0.07,,,0.0,0.0,0.0,0.0
7,770,2,8.6,4.0,2.0,0.0,0.0,0.0,2.2,30.0,58.0,0.23,0.7,0.7,0.25,0.13,0.38,0.25,,,0.0,0.0,0.0,0.0
30,699,3,30.0,2.0,3.0,0.0,0.0,1.0,1.7,123.0,8.0,0.1,0.17,0.17,0.06,0.04,0.1,0.06,,,0.0,0.0,0.0,0.0
1,122,0,1.4,0.0,0.0,0.0,0.0,0.0,0.1,3.0,12.0,0.0,0.0,0.0,0.1,0.06,0.16,0.1,,,0.0,0.0,0.0,0.0
32,732,4,30.4,6.0,4.0,0.0,0.0,0.0,3.4,220.0,74.0,0.13,0.33,0.33,0.11,0.18,0.3,0.11,,,0.0,0.0,0.0,0.0
0,73,0,0.8,0.0,0.0,0.0,0.0,0.0,0.0,0.0,3.0,0.0,0.0,0.0,0.0,0.04,0.04,0.0,,,0.0,0.0,0.0,0.0
20,787,0,19.9,4.0,0.0,0.0,0.0,0.0,2.7,107.0,77.0,0.0,0.2,0.2,0.13,0.13,0.27,0.13,,,0.0,0.0,0.0,0.0
19,776,0,19.7,1.0,0.0,0.0,0.0,0.0,1.7,112.0,81.0,0.0,0.05,0.05,0.08,0.06,0.15,0.08,,,0.0,0.0,0.0,0.0
30,737,5,30.4,0.0,5.0,0.0,0.0,0.0,4.2,225.0,96.0,0.16,0.16,0.16,0.14,0.07,0.2,0.13,,,0.0,0.0,0.0,0.0
28,480,21,27.6,3.0,19.0,2.0,3.0,0.0,20.8,18.0,103.0,0.76,0.87,0.8,0.76,0.1,0.86,0.67,,,0.0,0.0,0.0,0.0
24,189,0,24.3,4.0,0.0,0.0,0.0,0.0,0.4,123.0,80.0,0.0,0.16,0.16,0.02,0.18,0.19,0.02,,,0.0,0.0,0.0,0.0
0,134,0,1.5,0.0,0.0,0.0,0.0,0.0,0.4,3.0,14.0,0.0,0.0,0.0,0.24,0.05,0.28,0.24,,,0.0,0.0,0.0,0.0
0,45,0,0.5,0.0,0.0,0.0,0.0,0.0,0.0,2.0,1.0,0.0,0.0,0.0,0.0,0.0,0.0,0.0,,,0.0,0.0,0.0,0.0
20,747,1,19.4,0.0,1.0,0.0,0.0,0.0,3.3,43.0,106.0,0.05,0.05,0.05,0.17,0.19,0.36,0.17,,,0.0,0.0,0.0,0.0
27,390,1,26.6,0.0,1.0,0.0,0.0,0.0,1.7,108.0,8.0,0.04,0.04,0.04,0.07,0.03,0.1,0.07,,,0.0,0.0,0.0,0.0
21,839,9,20.4,3.0,9.0,0.0,0.0,0.0,9.4,59.0,110.0,0.44,0.59,0.59,0.46,0.12,0.58,0.46,,,0.0,0.0,0.0,0.0
1,95,0,1.1,0.0,0.0,0.0,0.0,0.0,0.0,2.0,1.0,0.0,0.0,0.0,0.0,0.0,0.0,0.0,,,0.0,0.0,0.0,0.0
Starts,Min,Gls,90s,0.0,0.0,0.0,0.0,0.0,0.0,0.0,0.0,0.0,0.0,0.0,0.0,0.0,0.0,0.0,,,0.0,0.0,0.0,0.0
28,509,1,27.9,1.0,1.0,0.0,0.0,1.0,1.3,199.0,5.0,0.04,0.07,0.07,0.05,0.05,0.1,0.05,,,0.0,0.0,0.0,0.0
5,645,2,7.2,0.0,2.0,0.0,0.0,0.0,0.8,12.0,40.0,0.28,0.28,0.28,0.11,0.02,0.13,0.11,,,0.0,0.0,0.0,0.0
32,880,0,32.0,0.0,0.0,0.0,0.0,0.0,0.0,0.0,0.0,0.0,0.0,0.0,0.0,0.0,0.0,0.0,,,0.0,0.0,0.0,0.0
0,4,0,0.0,0.0,0.0,0.0,0.0,0.0,0.0,0.0,1.0,0.0,0.0,0.0,0.0,0.0,0.0,0.0,,,0.0,0.0,0.0,0.0
25,205,0,24.5,0.0,0.0,0.0,0.0,0.0,0.0,1.0,0.0,0.0,0.0,0.0,0.0,0.0,0.0,0.0,,,0.0,0.0,0.0,0.0
23,004,7,22.3,9.0,6.0,1.0,2.0,0.0,7.0,104.0,259.0,0.31,0.72,0.67,0.31,0.37,0.68,0.24,,,0.0,0.0,0.0,0.0
6,448,0,5.0,1.0,0.0,0.0,0.0,0.0,0.3,16.0,8.0,0.0,0.2,0.2,0.06,0.05,0.11,0.06,,,0.0,0.0,0.0,0.0
18,505,2,16.7,0.0,2.0,0.0,0.0,0.0,1.4,55.0,41.0,0.12,0.12,0.12,0.08,0.05,0.14,0.08,,,0.0,0.0,0.0,0.0
2,370,2,4.1,1.0,2.0,0.0,0.0,0.0,1.2,11.0,23.0,0.49,0.73,0.73,0.3,0.06,0.36,0.3,,,0.0,0.0,0.0,0.0
0,6,0,0.1,0.0,0.0,0.0,0.0,0.0,0.0,0.0,0.0,0.0,0.0,0.0,0.0,0.0,0.0,0.0,,,0.0,0.0,0.0,0.0
24,074,5,23.0,2.0,5.0,0.0,0.0,0.0,2.5,66.0,186.0,0.22,0.3,0.3,0.11,0.12,0.22,0.11,,,0.0,0.0,0.0,0.0
20,751,0,19.5,3.0,0.0,0.0,0.0,0.0,1.0,81.0,24.0,0.0,0.15,0.15,0.05,0.14,0.19,0.05,,,0.0,0.0,0.0,0.0
21,964,2,21.8,1.0,2.0,0.0,0.0,0.0,1.7,94.0,9.0,0.09,0.14,0.14,0.08,0.09,0.17,0.08,,,0.0,0.0,0.0,0.0
26,223,3,24.7,2.0,3.0,0.0,0.0,0.0,2.3,69.0,131.0,0.12,0.2,0.2,0.09,0.1,0.19,0.09,,,0.0,0.0,0.0,0.0
18,585,3,17.6,0.0,3.0,0.0,0.0,0.0,3.3,16.0,80.0,0.17,0.17,0.17,0.19,0.07,0.25,0.19,,,0.0,0.0,0.0,0.0
9,903,0,10.0,0.0,0.0,0.0,0.0,0.0,0.0,44.0,0.0,0.0,0.0,0.0,0.0,0.02,0.02,0.0,,,0.0,0.0,0.0,0.0
1,284,1,3.2,2.0,1.0,0.0,0.0,0.0,2.3,5.0,29.0,0.32,0.95,0.95,0.72,0.41,1.12,0.72,,,0.0,0.0,0.0,0.0
5,554,0,6.2,1.0,0.0,0.0,0.0,0.0,0.2,14.0,9.0,0.0,0.16,0.16,0.04,0.03,0.07,0.04,,,0.0,0.0,0.0,0.0
1,166,0,1.8,0.0,0.0,0.0,0.0,0.0,0.1,9.0,4.0,0.0,0.0,0.0,0.06,0.13,0.19,0.06,,,0.0,0.0,0.0,0.0
29,336,21,26.0,6.0,19.0,2.0,2.0,0.0,17.5,73.0,183.0,0.81,1.04,0.96,0.67,0.15,0.83,0.61,,,0.0,0.0,0.0,0.0
30,553,8,28.4,5.0,8.0,0.0,0.0,0.0,4.2,181.0,209.0,0.28,0.46,0.46,0.15,0.22,0.37,0.15,,,0.0,0.0,0.0,0.0
24,948,9,21.6,5.0,9.0,0.0,0.0,0.0,12.1,32.0,107.0,0.42,0.65,0.65,0.56,0.19,0.75,0.56,,,0.0,0.0,0.0,0.0
9,766,1,8.5,0.0,1.0,0.0,0.0,0.0,0.2,46.0,8.0,0.12,0.12,0.12,0.03,0.06,0.08,0.03,,,0.0,0.0,0.0,0.0
27,250,1,25.0,3.0,1.0,0.0,0.0,0.0,0.8,80.0,37.0,0.04,0.16,0.16,0.03,0.09,0.12,0.03,,,0.0,0.0,0.0,0.0
0,12,0,0.1,0.0,0.0,0.0,0.0,0.0,0.0,0.0,0.0,0.0,0.0,0.0,0.0,0.0,0.0,0.0,,,0.0,0.0,0.0,0.0
Starts,Min,Gls,90s,0.0,0.0,0.0,0.0,0.0,0.0,0.0,0.0,0.0,0.0,0.0,0.0,0.0,0.0,0.0,,,0.0,0.0,0.0,0.0
0,75,0,0.8,0.0,0.0,0.0,0.0,0.0,0.2,3.0,11.0,0.0,0.0,0.0,0.25,0.24,0.48,0.25,,,0.0,0.0,0.0,0.0
8,755,0,8.4,1.0,0.0,0.0,0.0,0.0,0.2,54.0,25.0,0.0,0.12,0.12,0.03,0.17,0.2,0.03,,,0.0,0.0,0.0,0.0
6,608,3,6.8,0.0,3.0,0.0,0.0,0.0,3.0,19.0,57.0,0.44,0.44,0.44,0.44,0.1,0.54,0.44,,,0.0,0.0,0.0,0.0
24,961,10,21.8,3.0,7.0,3.0,3.0,0.0,10.4,45.0,111.0,0.46,0.6,0.46,0.48,0.13,0.61,0.37,,,0.0,0.0,0.0,0.0
0,30,0,0.3,0.0,0.0,0.0,0.0,0.0,0.0,2.0,0.0,0.0,0.0,0.0,0.0,0.0,0.0,0.0,,,0.0,0.0,0.0,0.0
22,888,10,21.0,6.0,5.0,5.0,5.0,0.0,8.9,76.0,123.0,0.48,0.76,0.52,0.42,0.23,0.65,0.23,,,0.0,0.0,0.0,0.0
28,303,4,25.6,3.0,4.0,0.0,0.0,0.0,3.9,114.0,105.0,0.16,0.27,0.27,0.15,0.08,0.24,0.15,,,0.0,0.0,0.0,0.0
12,222,1,13.6,2.0,1.0,0.0,0.0,0.0,1.1,25.0,31.0,0.07,0.22,0.22,0.08,0.09,0.17,0.08,,,0.0,0.0,0.0,0.0
22,969,11,21.9,3.0,11.0,0.0,0.0,0.0,9.8,66.0,186.0,0.5,0.64,0.64,0.45,0.1,0.55,0.45,,,0.0,0.0,0.0,0.0
7,630,0,7.0,0.0,0.0,0.0,0.0,0.0,0.0,0.0,0.0,0.0,0.0,0.0,0.0,0.0,0.0,0.0,,,0.0,0.0,0.0,0.0
16,414,3,15.7,3.0,3.0,0.0,0.0,1.0,4.1,83.0,67.0,0.19,0.38,0.38,0.26,0.06,0.32,0.26,,,0.0,0.0,0.0,0.0
9,703,0,7.8,0.0,0.0,0.0,0.0,0.0,0.1,48.0,6.0,0.0,0.0,0.0,0.01,0.05,0.06,0.01,,,0.0,0.0,0.0,0.0
13,043,6,11.6,3.0,6.0,0.0,0.0,0.0,6.8,31.0,83.0,0.52,0.78,0.78,0.59,0.16,0.75,0.59,,,0.0,0.0,0.0,0.0
30,526,2,28.1,1.0,2.0,0.0,0.0,0.0,1.5,80.0,90.0,0.07,0.11,0.11,0.05,0.02,0.07,0.05,,,0.0,0.0,0.0,0.0
6,540,0,6.0,0.0,0.0,0.0,0.0,0.0,0.0,0.0,0.0,0.0,0.0,0.0,0.0,0.0,0.0,0.0,,,0.0,0.0,0.0,0.0
5,385,1,4.3,0.0,1.0,0.0,0.0,0.0,0.4,15.0,27.0,0.23,0.23,0.23,0.1,0.04,0.14,0.1,,,0.0,0.0,0.0,0.0
12,232,0,13.7,0.0,0.0,0.0,0.0,1.0,0.9,71.0,48.0,0.0,0.0,0.0,0.07,0.12,0.19,0.07,,,0.0,0.0,0.0,0.0
14,202,0,13.4,0.0,0.0,0.0,0.0,0.0,0.4,65.0,5.0,0.0,0.0,0.0,0.03,0.04,0.06,0.03,,,0.0,0.0,0.0,0.0
0,63,0,0.7,0.0,0.0,0.0,0.0,0.0,0.0,1.0,8.0,0.0,0.0,0.0,0.0,0.21,0.21,0.0,,,0.0,0.0,0.0,0.0
9,813,2,9.0,0.0,2.0,0.0,0.0,0.0,0.4,12.0,3.0,0.22,0.22,0.22,0.05,0.01,0.06,0.05,,,0.0,0.0,0.0,0.0
10,900,0,10.0,0.0,0.0,0.0,0.0,0.0,0.0,0.0,0.0,0.0,0.0,0.0,0.0,0.0,0.0,0.0,,,0.0,0.0,0.0,0.0
4,303,0,3.4,1.0,0.0,0.0,0.0,0.0,0.4,9.0,5.0,0.0,0.3,0.3,0.12,0.14,0.26,0.12,,,0.0,0.0,0.0,0.0
32,807,2,31.2,5.0,2.0,0.0,0.0,0.0,0.5,134.0,154.0,0.06,0.22,0.22,0.02,0.1,0.12,0.01,,,0.0,0.0,0.0,0.0
22,748,2,19.4,2.0,2.0,0.0,0.0,0.0,0.8,110.0,71.0,0.1,0.21,0.21,0.04,0.16,0.2,0.04,,,0.0,0.0,0.0,0.0
6,503,0,5.6,0.0,0.0,0.0,0.0,0.0,0.0,25.0,2.0,0.0,0.0,0.0,0.0,0.02,0.02,0.0,,,0.0,0.0,0.0,0.0
Starts,Min,Gls,90s,0.0,0.0,0.0,0.0,0.0,0.0,0.0,0.0,0.0,0.0,0.0,0.0,0.0,0.0,0.0,,,0.0,0.0,0.0,0.0
32,808,0,31.2,1.0,0.0,0.0,0.0,0.0,1.4,101.0,5.0,0.0,0.03,0.03,0.05,0.04,0.08,0.05,,,0.0,0.0,0.0,0.0
1,80,0,0.9,0.0,0.0,0.0,0.0,0.0,0.2,4.0,9.0,0.0,0.0,0.0,0.22,0.48,0.7,0.22,,,0.0,0.0,0.0,0.0
4,360,0,4.0,0.0,0.0,0.0,0.0,0.0,0.0,1.0,0.0,0.0,0.0,0.0,0.0,0.02,0.02,0.0,,,0.0,0.0,0.0,0.0
4,582,0,6.5,0.0,0.0,0.0,0.0,0.0,0.1,22.0,0.0,0.0,0.0,0.0,0.02,0.04,0.06,0.02,,,0.0,0.0,0.0,0.0
24,936,12,21.5,6.0,6.0,6.0,6.0,0.0,9.9,88.0,132.0,0.56,0.84,0.56,0.46,0.22,0.68,0.24,,,0.0,0.0,0.0,0.0
25,140,1,23.8,2.0,1.0,0.0,0.0,0.0,1.6,99.0,2.0,0.04,0.13,0.13,0.07,0.04,0.11,0.07,,,0.0,0.0,0.0,0.0
27,396,1,26.6,0.0,1.0,0.0,0.0,0.0,0.9,70.0,11.0,0.04,0.04,0.04,0.03,0.01,0.05,0.03,,,0.0,0.0,0.0,0.0
21,857,5,20.6,1.0,5.0,0.0,0.0,0.0,1.6,134.0,14.0,0.24,0.29,0.29,0.08,0.17,0.25,0.08,,,0.0,0.0,0.0,0.0
0,13,0,0.1,0.0,0.0,0.0,0.0,0.0,0.0,0.0,0.0,0.0,0.0,0.0,0.0,0.0,0.0,0.0,,,0.0,0.0,0.0,0.0
2,273,0,3.0,0.0,0.0,0.0,0.0,0.0,0.0,3.0,1.0,0.0,0.0,0.0,0.01,0.03,0.04,0.01,,,0.0,0.0,0.0,0.0
26,167,3,24.1,2.0,3.0,0.0,0.0,1.0,6.0,67.0,180.0,0.12,0.21,0.21,0.25,0.09,0.34,0.25,,,0.0,0.0,0.0,0.0
24,170,7,24.1,4.0,7.0,0.0,0.0,0.0,4.1,118.0,201.0,0.29,0.46,0.46,0.17,0.25,0.42,0.17,,,0.0,0.0,0.0,0.0
29,576,1,28.6,1.0,1.0,0.0,0.0,0.0,2.8,57.0,6.0,0.03,0.07,0.07,0.1,0.02,0.12,0.1,,,0.0,0.0,0.0,0.0
5,361,0,4.0,2.0,0.0,0.0,0.0,0.0,0.2,24.0,10.0,0.0,0.5,0.5,0.04,0.23,0.27,0.04,,,0.0,0.0,0.0,0.0
9,765,2,8.5,2.0,2.0,0.0,0.0,0.0,0.4,12.0,40.0,0.24,0.47,0.47,0.05,0.09,0.14,0.05,,,0.0,0.0,0.0,0.0
0,11,0,0.1,0.0,0.0,0.0,0.0,0.0,0.0,0.0,1.0,0.0,0.0,0.0,0.0,0.0,0.0,0.0,,,0.0,0.0,0.0,0.0
8,541,0,6.0,1.0,0.0,0.0,0.0,0.0,0.2,18.0,6.0,0.0,0.17,0.17,0.03,0.11,0.14,0.03,,,0.0,0.0,0.0,0.0
15,364,1,15.2,3.0,1.0,0.0,0.0,0.0,1.4,48.0,21.0,0.07,0.26,0.26,0.09,0.07,0.17,0.09,,,0.0,0.0,0.0,0.0
32,880,0,32.0,1.0,0.0,0.0,0.0,0.0,0.0,0.0,0.0,0.0,0.03,0.03,0.0,0.0,0.0,0.0,,,0.0,0.0,0.0,0.0
22,895,0,21.1,1.0,0.0,0.0,0.0,0.0,1.0,83.0,24.0,0.0,0.05,0.05,0.05,0.07,0.12,0.05,,,0.0,0.0,0.0,0.0
20,810,1,20.1,2.0,1.0,0.0,0.0,1.0,1.4,103.0,68.0,0.05,0.15,0.15,0.07,0.02,0.08,0.07,,,0.0,0.0,0.0,0.0
30,639,1,29.3,2.0,1.0,0.0,0.0,0.0,2.6,85.0,136.0,0.03,0.1,0.1,0.09,0.09,0.17,0.09,,,0.0,0.0,0.0,0.0
11,959,1,10.7,0.0,1.0,0.0,0.0,2.0,0.0,52.0,24.0,0.09,0.09,0.09,0.0,0.02,0.03,0.0,,,0.0,0.0,0.0,0.0
24,089,2,23.2,0.0,2.0,0.0,0.0,0.0,2.5,55.0,6.0,0.09,0.09,0.09,0.11,0.01,0.12,0.11,,,0.0,0.0,0.0,0.0
1,70,0,0.8,0.0,0.0,0.0,0.0,0.0,0.1,4.0,11.0,0.0,0.0,0.0,0.07,0.09,0.16,0.07,,,0.0,0.0,0.0,0.0
Starts,Min,Gls,90s,0.0,0.0,0.0,0.0,0.0,0.0,0.0,0.0,0.0,0.0,0.0,0.0,0.0,0.0,0.0,,,0.0,0.0,0.0,0.0
3,367,0,4.1,0.0,0.0,0.0,0.0,0.0,0.0,5.0,1.0,0.0,0.0,0.0,0.0,0.02,0.02,0.0,,,0.0,0.0,0.0,0.0
15,239,0,13.8,1.0,0.0,0.0,0.0,0.0,2.1,25.0,81.0,0.0,0.07,0.07,0.15,0.15,0.3,0.15,,,0.0,0.0,0.0,0.0
26,300,0,25.6,1.0,0.0,0.0,0.0,0.0,0.2,126.0,81.0,0.0,0.04,0.04,0.01,0.09,0.09,0.01,,,0.0,0.0,0.0,0.0
8,797,0,8.9,0.0,0.0,0.0,0.0,0.0,0.6,40.0,22.0,0.0,0.0,0.0,0.07,0.02,0.09,0.07,,,0.0,0.0,0.0,0.0
24,963,0,21.8,2.0,0.0,0.0,0.0,0.0,0.9,81.0,27.0,0.0,0.09,0.09,0.04,0.12,0.16,0.04,,,0.0,0.0,0.0,0.0
3,270,0,3.0,0.0,0.0,0.0,0.0,0.0,0.0,0.0,0.0,0.0,0.0,0.0,0.0,0.0,0.0,0.0,,,0.0,0.0,0.0,0.0
2,181,0,2.0,0.0,0.0,0.0,0.0,0.0,0.0,5.0,1.0,0.0,0.0,0.0,0.0,0.0,0.0,0.0,,,0.0,0.0,0.0,0.0
6,797,0,8.9,2.0,0.0,0.0,0.0,0.0,0.4,38.0,78.0,0.0,0.23,0.23,0.05,0.26,0.31,0.05,,,0.0,0.0,0.0,0.0
28,381,4,26.5,4.0,4.0,0.0,0.0,0.0,2.7,158.0,72.0,0.15,0.3,0.3,0.1,0.16,0.26,0.1,,,0.0,0.0,0.0,0.0
20,764,9,19.6,6.0,9.0,0.0,0.0,0.0,5.8,160.0,92.0,0.46,0.77,0.77,0.3,0.21,0.51,0.3,,,0.0,0.0,0.0,0.0
21,601,7,17.8,3.0,7.0,0.0,0.0,0.0,7.9,60.0,194.0,0.39,0.56,0.56,0.44,0.22,0.66,0.44,,,0.0,0.0,0.0,0.0
28,363,3,26.3,1.0,3.0,0.0,0.0,0.0,2.6,126.0,11.0,0.11,0.15,0.15,0.1,0.03,0.13,0.1,,,0.0,0.0,0.0,0.0
0,119,0,1.3,0.0,0.0,0.0,0.0,0.0,0.1,13.0,4.0,0.0,0.0,0.0,0.09,0.08,0.17,0.09,,,0.0,0.0,0.0,0.0
16,418,1,15.8,0.0,1.0,0.0,0.0,0.0,1.4,42.0,5.0,0.06,0.06,0.06,0.09,0.02,0.1,0.09,,,0.0,0.0,0.0,0.0
15,294,0,14.4,0.0,0.0,0.0,0.0,0.0,0.5,54.0,36.0,0.0,0.0,0.0,0.04,0.11,0.14,0.04,,,0.0,0.0,0.0,0.0
2,100,0,1.1,0.0,0.0,0.0,0.0,0.0,0.0,3.0,6.0,0.0,0.0,0.0,0.0,0.03,0.03,0.0,,,0.0,0.0,0.0,0.0
2,259,3,2.9,0.0,3.0,0.0,0.0,0.0,1.6,5.0,23.0,1.04,1.04,1.04,0.55,0.02,0.57,0.55,,,0.0,0.0,0.0,0.0
14,261,1,14.0,0.0,1.0,0.0,0.0,0.0,1.1,34.0,19.0,0.07,0.07,0.07,0.08,0.05,0.13,0.08,,,0.0,0.0,0.0,0.0
15,195,0,13.3,0.0,0.0,0.0,0.0,0.0,0.3,28.0,63.0,0.0,0.0,0.0,0.02,0.2,0.22,0.02,,,0.0,0.0,0.0,0.0
0,80,0,0.9,0.0,0.0,0.0,0.0,0.0,0.1,1.0,10.0,0.0,0.0,0.0,0.07,0.31,0.38,0.07,,,0.0,0.0,0.0,0.0
9,736,6,8.2,0.0,6.0,0.0,0.0,0.0,3.8,20.0,52.0,0.73,0.73,0.73,0.46,0.18,0.65,0.46,,,0.0,0.0,0.0,0.0
19,794,6,19.9,4.0,6.0,0.0,0.0,0.0,5.1,41.0,235.0,0.3,0.5,0.5,0.26,0.22,0.47,0.26,,,0.0,0.0,0.0,0.0
31,700,0,30.0,0.0,0.0,0.0,0.0,0.0,0.0,3.0,0.0,0.0,0.0,0.0,0.0,0.02,0.02,0.0,,,0.0,0.0,0.0,0.0
20,751,2,19.5,1.0,2.0,0.0,0.0,0.0,1.3,117.0,7.0,0.1,0.15,0.15,0.07,0.06,0.13,0.07,,,0.0,0.0,0.0,0.0
17,511,3,16.8,2.0,3.0,0.0,0.0,0.0,3.2,75.0,43.0,0.18,0.3,0.3,0.19,0.09,0.28,0.19,,,0.0,0.0,0.0,0.0
Starts,Min,Gls,90s,0.0,0.0,0.0,0.0,0.0,0.0,0.0,0.0,0.0,0.0,0.0,0.0,0.0,0.0,0.0,,,0.0,0.0,0.0,0.0
29,357,13,26.2,2.0,11.0,2.0,2.0,0.0,12.0,44.0,113.0,0.5,0.57,0.5,0.46,0.11,0.57,0.4,,,0.0,0.0,0.0,0.0
15,531,4,17.0,1.0,4.0,0.0,0.0,0.0,1.8,57.0,134.0,0.24,0.29,0.29,0.11,0.15,0.25,0.11,,,0.0,0.0,0.0,0.0
19,849,0,20.5,0.0,0.0,0.0,0.0,1.0,1.5,58.0,2.0,0.0,0.0,0.0,0.07,0.02,0.1,0.07,,,0.0,0.0,0.0,0.0
29,475,0,27.5,1.0,0.0,0.0,0.0,0.0,0.6,98.0,44.0,0.0,0.04,0.04,0.02,0.05,0.07,0.02,,,0.0,0.0,0.0,0.0
32,874,16,31.9,5.0,11.0,5.0,5.0,0.0,10.0,120.0,292.0,0.5,0.66,0.5,0.31,0.22,0.53,0.19,,,0.0,0.0,0.0,0.0
1,224,3,2.5,0.0,3.0,0.0,0.0,0.0,2.7,6.0,18.0,1.21,1.21,1.21,1.1,0.13,1.24,1.1,,,0.0,0.0,0.0,0.0
5,484,0,5.4,1.0,0.0,0.0,0.0,0.0,0.6,9.0,42.0,0.0,0.19,0.19,0.11,0.09,0.2,0.11,,,0.0,0.0,0.0,0.0
5,450,0,5.0,0.0,0.0,0.0,0.0,0.0,0.0,0.0,0.0,0.0,0.0,0.0,0.0,0.0,0.0,0.0,,,0.0,0.0,0.0,0.0
23,891,1,21.0,3.0,1.0,0.0,0.0,0.0,2.5,87.0,66.0,0.05,0.19,0.19,0.12,0.16,0.28,0.1,,,0.0,0.0,0.0,0.0
13,145,3,12.7,4.0,3.0,0.0,0.0,0.0,0.9,61.0,65.0,0.24,0.55,0.55,0.07,0.3,0.37,0.07,,,0.0,0.0,0.0,0.0
0,19,0,0.2,0.0,0.0,0.0,0.0,0.0,0.1,1.0,2.0,0.0,0.0,0.0,0.33,0.0,0.33,0.33,,,0.0,0.0,0.0,0.0
2,183,0,2.0,0.0,0.0,0.0,0.0,0.0,0.0,11.0,2.0,0.0,0.0,0.0,0.0,0.0,0.0,0.0,,,0.0,0.0,0.0,0.0
0,5,0,0.1,0.0,0.0,0.0,0.0,0.0,0.0,0.0,0.0,0.0,0.0,0.0,0.0,0.0,0.0,0.0,,,0.0,0.0,0.0,0.0
14,345,6,14.9,1.0,6.0,0.0,0.0,0.0,3.9,60.0,83.0,0.4,0.47,0.47,0.26,0.09,0.36,0.26,,,0.0,0.0,0.0,0.0
0,1,0,0.0,0.0,0.0,0.0,0.0,0.0,0.1,0.0,0.0,0.0,0.0,0.0,5.06,0.0,5.06,5.06,,,0.0,0.0,0.0,0.0
31,790,4,31.0,2.0,4.0,0.0,0.0,0.0,3.6,45.0,5.0,0.13,0.19,0.19,0.12,0.03,0.14,0.12,,,0.0,0.0,0.0,0.0
1,225,1,2.5,0.0,1.0,0.0,0.0,0.0,0.5,13.0,6.0,0.4,0.4,0.4,0.22,0.01,0.23,0.22,,,0.0,0.0,0.0,0.0
3,169,0,1.9,0.0,0.0,0.0,0.0,0.0,0.2,10.0,10.0,0.0,0.0,0.0,0.09,0.12,0.21,0.09,,,0.0,0.0,0.0,0.0
10,961,0,10.7,0.0,0.0,0.0,0.0,0.0,0.8,39.0,0.0,0.0,0.0,0.0,0.07,0.02,0.09,0.07,,,0.0,0.0,0.0,0.0
15,406,5,15.6,4.0,5.0,0.0,0.0,0.0,3.5,33.0,149.0,0.32,0.58,0.58,0.23,0.3,0.53,0.23,,,0.0,0.0,0.0,0.0
32,672,0,29.7,4.0,0.0,0.0,0.0,0.0,1.2,58.0,153.0,0.0,0.13,0.13,0.04,0.19,0.23,0.04,,,0.0,0.0,0.0,0.0
28,467,7,27.4,3.0,7.0,0.0,0.0,0.0,7.5,80.0,274.0,0.26,0.36,0.36,0.27,0.16,0.44,0.27,,,0.0,0.0,0.0,0.0
0,11,0,0.1,0.0,0.0,0.0,0.0,0.0,0.0,4.0,0.0,0.0,0.0,0.0,0.0,1.45,1.45,0.0,,,0.0,0.0,0.0,0.0
0,17,0,0.2,0.0,0.0,0.0,0.0,0.0,0.0,1.0,2.0,0.0,0.0,0.0,0.0,0.0,0.0,0.0,,,0.0,0.0,0.0,0.0
2,185,0,2.1,1.0,0.0,0.0,0.0,0.0,0.2,7.0,30.0,0.0,0.49,0.49,0.1,0.16,0.26,0.1,,,0.0,0.0,0.0,0.0
Starts,Min,Gls,90s,0.0,0.0,0.0,0.0,0.0,0.0,0.0,0.0,0.0,0.0,0.0,0.0,0.0,0.0,0.0,,,0.0,0.0,0.0,0.0
5,754,0,8.4,0.0,0.0,0.0,0.0,0.0,0.2,14.0,1.0,0.0,0.0,0.0,0.02,0.0,0.02,0.02,,,0.0,0.0,0.0,0.0
11,955,0,10.6,1.0,0.0,0.0,0.0,0.0,0.2,34.0,34.0,0.0,0.09,0.09,0.02,0.12,0.13,0.02,,,0.0,0.0,0.0,0.0
25,240,1,24.9,1.0,1.0,0.0,0.0,0.0,0.3,100.0,9.0,0.04,0.08,0.08,0.01,0.03,0.04,0.01,,,0.0,0.0,0.0,0.0
5,441,0,4.9,0.0,0.0,0.0,0.0,0.0,0.3,7.0,0.0,0.0,0.0,0.0,0.07,0.02,0.09,0.07,,,0.0,0.0,0.0,0.0
4,316,0,3.5,0.0,0.0,0.0,0.0,0.0,0.7,13.0,10.0,0.0,0.0,0.0,0.21,0.05,0.26,0.21,,,0.0,0.0,0.0,0.0
0,28,0,0.3,0.0,0.0,0.0,0.0,0.0,0.0,1.0,0.0,0.0,0.0,0.0,0.12,0.0,0.12,0.12,,,0.0,0.0,0.0,0.0
1,151,0,1.7,0.0,0.0,0.0,0.0,0.0,0.3,5.0,12.0,0.0,0.0,0.0,0.15,0.58,0.73,0.15,,,0.0,0.0,0.0,0.0
7,608,1,6.8,1.0,1.0,0.0,0.0,0.0,3.0,6.0,22.0,0.15,0.3,0.3,0.44,0.13,0.57,0.44,,,0.0,0.0,0.0,0.0
8,964,8,10.7,1.0,8.0,0.0,0.0,0.0,5.8,27.0,31.0,0.75,0.84,0.84,0.54,0.07,0.61,0.54,,,0.0,0.0,0.0,0.0
31,688,4,29.9,4.0,4.0,0.0,0.0,0.0,4.4,75.0,173.0,0.13,0.27,0.27,0.15,0.13,0.28,0.15,,,0.0,0.0,0.0,0.0
18,620,0,18.0,0.0,0.0,0.0,0.0,0.0,0.0,1.0,0.0,0.0,0.0,0.0,0.0,0.0,0.0,0.0,,,0.0,0.0,0.0,0.0
31,748,1,30.5,0.0,1.0,0.0,0.0,0.0,1.2,99.0,4.0,0.03,0.03,0.03,0.04,0.04,0.08,0.04,,,0.0,0.0,0.0,0.0
25,954,8,21.7,11.0,8.0,0.0,0.0,0.0,5.5,60.0,179.0,0.37,0.88,0.88,0.25,0.36,0.61,0.25,,,0.0,0.0,0.0,0.0
29,542,0,28.2,1.0,0.0,0.0,0.0,0.0,0.4,96.0,73.0,0.0,0.04,0.04,0.01,0.05,0.07,0.01,,,0.0,0.0,0.0,0.0
24,039,7,22.7,0.0,5.0,2.0,2.0,0.0,5.0,42.0,103.0,0.31,0.31,0.22,0.22,0.07,0.29,0.15,,,0.0,0.0,0.0,0.0
23,885,0,20.9,4.0,0.0,0.0,0.0,0.0,1.7,58.0,72.0,0.0,0.19,0.19,0.08,0.09,0.17,0.08,,,0.0,0.0,0.0,0.0
0,126,0,1.4,0.0,0.0,0.0,0.0,0.0,0.0,6.0,0.0,0.0,0.0,0.0,0.0,0.0,0.0,0.0,,,0.0,0.0,0.0,0.0
0,3,0,0.0,0.0,0.0,0.0,0.0,0.0,0.0,0.0,0.0,0.0,0.0,0.0,0.0,0.0,0.0,0.0,,,0.0,0.0,0.0,0.0
5,487,1,5.4,1.0,1.0,0.0,0.0,0.0,1.1,35.0,63.0,0.18,0.37,0.37,0.2,0.18,0.39,0.2,,,0.0,0.0,0.0,0.0
2,180,0,2.0,0.0,0.0,0.0,0.0,0.0,0.0,0.0,0.0,0.0,0.0,0.0,0.0,0.0,0.0,0.0,,,0.0,0.0,0.0,0.0
18,743,3,19.4,4.0,3.0,0.0,0.0,0.0,2.5,49.0,200.0,0.15,0.36,0.36,0.13,0.28,0.41,0.13,,,0.0,0.0,0.0,0.0
7,785,1,8.7,1.0,1.0,0.0,0.0,1.0,3.7,15.0,64.0,0.11,0.23,0.23,0.43,0.17,0.6,0.43,,,0.0,0.0,0.0,0.0
9,921,3,10.2,2.0,3.0,0.0,0.0,0.0,4.8,25.0,68.0,0.29,0.49,0.49,0.47,0.21,0.68,0.47,,,0.0,0.0,0.0,0.0
0,1,0,0.0,0.0,0.0,0.0,0.0,0.0,0.0,0.0,0.0,0.0,0.0,0.0,0.0,0.0,0.0,0.0,,,0.0,0.0,0.0,0.0
14,224,0,13.6,4.0,0.0,0.0,0.0,0.0,0.5,55.0,139.0,0.0,0.29,0.29,0.04,0.25,0.29,0.04,,,0.0,0.0,0.0,0.0
Starts,Min,Gls,90s,0.0,0.0,0.0,0.0,0.0,0.0,0.0,0.0,0.0,0.0,0.0,0.0,0.0,0.0,0.0,,,0.0,0.0,0.0,0.0
8,010,5,11.2,2.0,5.0,0.0,0.0,0.0,5.0,25.0,67.0,0.45,0.62,0.62,0.44,0.11,0.55,0.44,,,0.0,0.0,0.0,0.0
10,777,3,8.6,2.0,3.0,0.0,0.0,0.0,1.0,28.0,93.0,0.35,0.58,0.58,0.11,0.12,0.23,0.11,,,0.0,0.0,0.0,0.0
28,279,4,25.3,2.0,4.0,0.0,0.0,1.0,3.2,120.0,34.0,0.16,0.24,0.24,0.13,0.03,0.16,0.13,,,0.0,0.0,0.0,0.0
12,121,2,12.5,0.0,2.0,0.0,0.0,0.0,0.7,38.0,24.0,0.16,0.16,0.16,0.06,0.04,0.1,0.06,,,0.0,0.0,0.0,0.0
7,613,1,6.8,1.0,1.0,0.0,0.0,0.0,1.8,27.0,34.0,0.15,0.29,0.29,0.27,0.18,0.45,0.27,,,0.0,0.0,0.0,0.0
29,582,0,28.7,2.0,0.0,0.0,0.0,0.0,1.1,68.0,6.0,0.0,0.07,0.07,0.04,0.02,0.06,0.04,,,0.0,0.0,0.0,0.0
0,28,0,0.3,0.0,0.0,0.0,0.0,0.0,0.0,1.0,2.0,0.0,0.0,0.0,0.0,0.0,0.0,0.0,,,0.0,0.0,0.0,0.0
5,450,0,5.0,0.0,0.0,0.0,0.0,0.0,0.7,18.0,40.0,0.0,0.0,0.0,0.13,0.03,0.16,0.13,,,0.0,0.0,0.0,0.0
3,238,0,2.6,0.0,0.0,0.0,0.0,0.0,0.0,0.0,15.0,0.0,0.0,0.0,0.0,0.03,0.03,0.0,,,0.0,0.0,0.0,0.0
12,124,1,12.5,0.0,1.0,0.0,0.0,0.0,0.6,32.0,2.0,0.08,0.08,0.08,0.05,0.0,0.05,0.05,,,0.0,0.0,0.0,0.0
1,180,0,2.0,0.0,0.0,0.0,0.0,0.0,0.0,0.0,0.0,0.0,0.0,0.0,0.0,0.0,0.0,0.0,,,0.0,0.0,0.0,0.0
16,254,2,13.9,0.0,2.0,0.0,0.0,0.0,1.9,57.0,13.0,0.14,0.14,0.14,0.13,0.02,0.15,0.13,,,0.0,0.0,0.0,0.0
31,790,0,31.0,0.0,0.0,0.0,0.0,0.0,0.0,1.0,0.0,0.0,0.0,0.0,0.0,0.01,0.01,0.0,,,0.0,0.0,0.0,0.0
10,916,4,10.2,1.0,4.0,0.0,0.0,0.0,3.2,12.0,37.0,0.39,0.49,0.49,0.32,0.05,0.37,0.32,,,0.0,0.0,0.0,0.0
0,25,0,0.3,0.0,0.0,0.0,0.0,0.0,0.0,1.0,0.0,0.0,0.0,0.0,0.0,0.0,0.0,0.0,,,0.0,0.0,0.0,0.0
0,49,0,0.5,0.0,0.0,0.0,0.0,0.0,0.0,0.0,1.0,0.0,0.0,0.0,0.05,0.04,0.09,0.05,,,0.0,0.0,0.0,0.0
10,920,0,10.2,0.0,0.0,0.0,0.0,0.0,0.0,0.0,0.0,0.0,0.0,0.0,0.0,0.0,0.0,0.0,,,0.0,0.0,0.0,0.0
0,90,0,1.0,0.0,0.0,0.0,0.0,0.0,0.0,1.0,7.0,0.0,0.0,0.0,0.04,0.09,0.13,0.04,,,0.0,0.0,0.0,0.0
18,775,7,19.7,4.0,7.0,0.0,0.0,0.0,7.9,41.0,174.0,0.35,0.56,0.56,0.4,0.26,0.66,0.4,,,0.0,0.0,0.0,0.0
3,276,1,3.1,0.0,1.0,0.0,0.0,0.0,0.3,10.0,15.0,0.33,0.33,0.33,0.08,0.03,0.11,0.08,,,0.0,0.0,0.0,0.0
8,720,0,8.0,0.0,0.0,0.0,0.0,0.0,0.0,1.0,0.0,0.0,0.0,0.0,0.0,0.0,0.0,0.0,,,0.0,0.0,0.0,0.0
30,652,14,29.5,8.0,11.0,3.0,4.0,0.0,15.8,184.0,159.0,0.48,0.75,0.64,0.54,0.31,0.85,0.43,,,0.0,0.0,0.0,0.0
23,851,2,20.6,1.0,2.0,0.0,0.0,0.0,1.8,56.0,72.0,0.1,0.15,0.15,0.09,0.07,0.16,0.09,,,0.0,0.0,0.0,0.0
24,077,4,23.1,0.0,2.0,2.0,2.0,0.0,5.1,119.0,78.0,0.17,0.17,0.09,0.22,0.12,0.34,0.15,,,0.0,0.0,0.0,0.0
26,347,4,26.1,2.0,4.0,0.0,0.0,0.0,2.0,156.0,43.0,0.15,0.23,0.23,0.08,0.07,0.15,0.08,,,0.0,0.0,0.0,0.0
Starts,Min,Gls,90s,0.0,0.0,0.0,0.0,0.0,0.0,0.0,0.0,0.0,0.0,0.0,0.0,0.0,0.0,0.0,,,0.0,0.0,0.0,0.0
1,203,0,2.3,0.0,0.0,0.0,0.0,0.0,0.1,7.0,7.0,0.0,0.0,0.0,0.03,0.15,0.18,0.03,,,0.0,0.0,0.0,0.0
21,744,2,19.4,4.0,2.0,0.0,1.0,0.0,3.4,97.0,75.0,0.1,0.31,0.31,0.17,0.22,0.4,0.13,,,0.0,0.0,0.0,0.0
2,215,0,2.4,0.0,0.0,0.0,0.0,0.0,0.1,9.0,5.0,0.0,0.0,0.0,0.04,0.0,0.04,0.04,,,0.0,0.0,0.0,0.0
14,214,0,13.5,0.0,0.0,0.0,0.0,1.0,0.4,49.0,4.0,0.0,0.0,0.0,0.03,0.02,0.05,0.03,,,0.0,0.0,0.0,0.0
2,332,0,3.7,0.0,0.0,0.0,0.0,1.0,0.5,4.0,17.0,0.0,0.0,0.0,0.13,0.08,0.2,0.13,,,0.0,0.0,0.0,0.0
5,474,2,5.3,0.0,2.0,0.0,0.0,0.0,2.0,10.0,36.0,0.38,0.38,0.38,0.37,0.05,0.42,0.37,,,0.0,0.0,0.0,0.0
32,880,0,32.0,1.0,0.0,0.0,0.0,0.0,0.0,0.0,0.0,0.0,0.03,0.03,0.0,0.01,0.01,0.0,,,0.0,0.0,0.0,0.0
21,913,2,21.3,0.0,2.0,0.0,0.0,0.0,1.1,41.0,9.0,0.09,0.09,0.09,0.05,0.05,0.11,0.05,,,0.0,0.0,0.0,0.0
0,48,0,0.5,0.0,0.0,0.0,0.0,0.0,0.0,2.0,3.0,0.0,0.0,0.0,0.07,0.0,0.07,0.07,,,0.0,0.0,0.0,0.0
0,1,0,0.0,0.0,0.0,0.0,0.0,0.0,0.0,0.0,0.0,0.0,0.0,0.0,0.0,0.0,0.0,0.0,,,0.0,0.0,0.0,0.0
22,980,0,22.0,0.0,0.0,0.0,0.0,0.0,0.0,0.0,0.0,0.0,0.0,0.0,0.0,0.0,0.0,0.0,,,0.0,0.0,0.0,0.0
25,373,2,26.4,5.0,2.0,0.0,0.0,0.0,1.5,136.0,95.0,0.08,0.27,0.27,0.06,0.13,0.19,0.06,,,0.0,0.0,0.0,0.0
2,315,0,3.5,0.0,0.0,0.0,0.0,0.0,0.1,12.0,4.0,0.0,0.0,0.0,0.03,0.02,0.05,0.03,,,0.0,0.0,0.0,0.0
1,145,0,1.6,0.0,0.0,0.0,0.0,0.0,0.0,0.0,0.0,0.0,0.0,0.0,0.0,0.0,0.0,0.0,,,0.0,0.0,0.0,0.0
24,160,0,24.0,0.0,0.0,0.0,0.0,0.0,0.0,0.0,0.0,0.0,0.0,0.0,0.0,0.0,0.0,0.0,,,0.0,0.0,0.0,0.0
17,406,1,15.6,3.0,1.0,0.0,0.0,0.0,1.3,62.0,98.0,0.06,0.26,0.26,0.09,0.13,0.22,0.09,,,0.0,0.0,0.0,0.0
12,978,4,10.9,1.0,4.0,0.0,0.0,0.0,1.7,21.0,79.0,0.37,0.46,0.46,0.16,0.19,0.35,0.16,,,0.0,0.0,0.0,0.0
3,360,1,4.0,2.0,1.0,0.0,0.0,0.0,1.6,12.0,40.0,0.25,0.75,0.75,0.39,0.52,0.91,0.39,,,0.0,0.0,0.0,0.0
32,880,0,32.0,0.0,0.0,0.0,0.0,0.0,0.0,11.0,0.0,0.0,0.0,0.0,0.0,0.0,0.0,0.0,,,0.0,0.0,0.0,0.0
0,93,0,1.0,0.0,0.0,0.0,0.0,0.0,0.2,4.0,7.0,0.0,0.0,0.0,0.22,0.07,0.3,0.22,,,0.0,0.0,0.0,0.0
0,1,0,0.0,0.0,0.0,0.0,0.0,0.0,0.0,0.0,0.0,0.0,0.0,0.0,0.0,0.0,0.0,0.0,,,0.0,0.0,0.0,0.0
0,123,0,1.4,0.0,0.0,0.0,0.0,0.0,0.1,12.0,10.0,0.0,0.0,0.0,0.05,0.02,0.07,0.05,,,0.0,0.0,0.0,0.0
7,640,1,7.1,2.0,1.0,0.0,0.0,0.0,0.8,14.0,41.0,0.14,0.42,0.42,0.11,0.17,0.27,0.11,,,0.0,0.0,0.0,0.0
0,1,0,0.0,0.0,0.0,0.0,0.0,0.0,0.0,0.0,0.0,0.0,0.0,0.0,0.0,0.0,0.0,0.0,,,0.0,0.0,0.0,0.0
1,90,0,1.0,0.0,0.0,0.0,0.0,0.0,0.0,7.0,0.0,0.0,0.0,0.0,0.0,0.0,0.0,0.0,,,0.0,0.0,0.0,0.0
Starts,Min,Gls,90s,0.0,0.0,0.0,0.0,0.0,0.0,0.0,0.0,0.0,0.0,0.0,0.0,0.0,0.0,0.0,,,0.0,0.0,0.0,0.0
28,410,2,26.8,6.0,2.0,0.0,0.0,1.0,2.6,162.0,82.0,0.07,0.3,0.3,0.1,0.23,0.33,0.1,,,0.0,0.0,0.0,0.0
17,518,1,16.9,0.0,1.0,0.0,0.0,0.0,1.2,34.0,1.0,0.06,0.06,0.06,0.07,0.01,0.08,0.07,,,0.0,0.0,0.0,0.0
2,295,3,3.3,1.0,3.0,0.0,0.0,0.0,2.1,10.0,17.0,0.92,1.22,1.22,0.64,0.28,0.92,0.64,,,0.0,0.0,0.0,0.0
26,218,0,24.6,0.0,0.0,0.0,0.0,1.0,0.9,163.0,90.0,0.0,0.0,0.0,0.04,0.17,0.21,0.04,,,0.0,0.0,0.0,0.0
31,809,0,31.2,10.0,0.0,0.0,0.0,0.0,0.7,115.0,250.0,0.0,0.32,0.32,0.02,0.13,0.15,0.02,,,0.0,0.0,0.0,0.0
0,2,0,0.0,0.0,0.0,0.0,0.0,0.0,0.0,0.0,0.0,0.0,0.0,0.0,0.0,1.69,1.69,0.0,,,0.0,0.0,0.0,0.0
1,65,0,0.7,0.0,0.0,0.0,0.0,0.0,0.0,4.0,1.0,0.0,0.0,0.0,0.0,0.06,0.06,0.0,,,0.0,0.0,0.0,0.0
14,018,0,11.3,0.0,0.0,0.0,0.0,0.0,0.2,31.0,5.0,0.0,0.0,0.0,0.02,0.01,0.03,0.02,,,0.0,0.0,0.0,0.0
11,101,0,12.2,2.0,0.0,0.0,0.0,0.0,0.2,51.0,54.0,0.0,0.16,0.16,0.02,0.24,0.26,0.02,,,0.0,0.0,0.0,0.0
31,597,8,28.9,7.0,8.0,0.0,0.0,0.0,5.8,105.0,161.0,0.28,0.52,0.52,0.2,0.22,0.42,0.2,,,0.0,0.0,0.0,0.0
17,371,1,15.2,0.0,1.0,0.0,0.0,0.0,1.5,66.0,3.0,0.07,0.07,0.07,0.1,0.04,0.14,0.1,,,0.0,0.0,0.0,0.0
19,656,5,18.4,3.0,5.0,0.0,0.0,0.0,4.6,67.0,79.0,0.27,0.43,0.43,0.25,0.14,0.39,0.25,,,0.0,0.0,0.0,0.0
25,250,0,25.0,0.0,0.0,0.0,0.0,0.0,0.0,2.0,0.0,0.0,0.0,0.0,0.0,0.01,0.01,0.0,,,0.0,0.0,0.0,0.0
16,367,6,15.2,10.0,5.0,1.0,1.0,0.0,5.2,56.0,208.0,0.4,1.05,0.99,0.34,0.4,0.74,0.29,,,0.0,0.0,0.0,0.0
32,831,27,31.5,18.0,18.0,9.0,9.0,0.0,22.6,123.0,398.0,0.86,1.43,1.14,0.72,0.38,1.1,0.5,,,0.0,0.0,0.0,0.0
30,634,2,29.3,0.0,2.0,0.0,0.0,1.0,2.2,128.0,6.0,0.07,0.07,0.07,0.07,0.03,0.1,0.07,,,0.0,0.0,0.0,0.0
26,340,0,26.0,0.0,0.0,0.0,0.0,0.0,0.0,1.0,0.0,0.0,0.0,0.0,0.0,0.0,0.0,0.0,,,0.0,0.0,0.0,0.0
18,610,3,17.9,4.0,3.0,0.0,0.0,0.0,1.9,81.0,203.0,0.17,0.39,0.39,0.11,0.19,0.3,0.11,,,0.0,0.0,0.0,0.0
3,279,0,3.1,1.0,0.0,0.0,0.0,0.0,0.0,12.0,2.0,0.0,0.32,0.32,0.01,0.11,0.12,0.01,,,0.0,0.0,0.0,0.0
6,659,2,7.3,2.0,2.0,0.0,0.0,0.0,2.7,47.0,49.0,0.27,0.55,0.55,0.37,0.22,0.59,0.37,,,0.0,0.0,0.0,0.0
0,9,0,0.1,0.0,0.0,0.0,0.0,0.0,0.0,0.0,2.0,0.0,0.0,0.0,0.0,0.0,0.0,0.0,,,0.0,0.0,0.0,0.0
25,275,7,25.3,4.0,7.0,0.0,0.0,0.0,8.3,75.0,159.0,0.28,0.44,0.44,0.33,0.26,0.59,0.33,,,0.0,0.0,0.0,0.0
20,657,1,18.4,8.0,1.0,0.0,0.0,0.0,4.8,65.0,226.0,0.05,0.49,0.49,0.26,0.36,0.62,0.26,,,0.0,0.0,0.0,0.0
6,583,0,6.5,0.0,0.0,0.0,0.0,0.0,0.1,21.0,39.0,0.0,0.0,0.0,0.02,0.0,0.02,0.02,,,0.0,0.0,0.0,0.0
0,34,0,0.4,1.0,0.0,0.0,0.0,0.0,0.0,1.0,1.0,0.0,2.65,2.65,0.09,0.12,0.22,0.09,,,0.0,0.0,0.0,0.0
Starts,Min,Gls,90s,0.0,0.0,0.0,0.0,0.0,0.0,0.0,0.0,0.0,0.0,0.0,0.0,0.0,0.0,0.0,,,0.0,0.0,0.0,0.0
20,845,7,20.5,2.0,7.0,0.0,0.0,0.0,5.9,32.0,137.0,0.34,0.44,0.44,0.29,0.16,0.44,0.29,,,0.0,0.0,0.0,0.0
27,412,3,26.8,0.0,3.0,0.0,0.0,1.0,1.8,84.0,17.0,0.11,0.11,0.11,0.07,0.01,0.08,0.07,,,0.0,0.0,0.0,0.0
0,103,0,1.1,0.0,0.0,0.0,0.0,0.0,0.2,5.0,9.0,0.0,0.0,0.0,0.14,0.14,0.28,0.14,,,0.0,0.0,0.0,0.0
5,567,0,6.3,0.0,0.0,0.0,0.0,0.0,0.6,47.0,26.0,0.0,0.0,0.0,0.1,0.13,0.23,0.1,,,0.0,0.0,0.0,0.0
32,880,0,32.0,0.0,0.0,0.0,0.0,0.0,0.0,1.0,0.0,0.0,0.0,0.0,0.0,0.0,0.0,0.0,,,0.0,0.0,0.0,0.0
27,415,0,26.8,4.0,0.0,0.0,0.0,0.0,0.7,64.0,100.0,0.0,0.15,0.15,0.03,0.1,0.12,0.03,,,0.0,0.0,0.0,0.0
31,733,8,30.4,4.0,8.0,0.0,0.0,0.0,9.0,96.0,246.0,0.26,0.4,0.4,0.3,0.18,0.48,0.3,,,0.0,0.0,0.0,0.0
12,008,0,11.2,0.0,0.0,0.0,0.0,0.0,0.8,51.0,5.0,0.0,0.0,0.0,0.07,0.02,0.09,0.07,,,0.0,0.0,0.0,0.0
3,247,3,2.7,1.0,3.0,0.0,0.0,0.0,1.2,3.0,21.0,1.09,1.46,1.46,0.45,0.2,0.66,0.45,,,0.0,0.0,0.0,0.0
0,83,0,0.9,0.0,0.0,0.0,0.0,0.0,0.0,7.0,0.0,0.0,0.0,0.0,0.0,0.34,0.34,0.0,,,0.0,0.0,0.0,0.0
0,1,0,0.0,0.0,0.0,0.0,0.0,0.0,0.0,0.0,0.0,0.0,0.0,0.0,0.0,0.0,0.0,0.0,,,0.0,0.0,0.0,0.0
23,131,2,23.7,4.0,2.0,0.0,0.0,0.0,3.0,99.0,169.0,0.08,0.25,0.25,0.13,0.18,0.31,0.13,,,0.0,0.0,0.0,0.0
5,828,3,9.2,1.0,3.0,0.0,0.0,0.0,1.9,16.0,54.0,0.33,0.43,0.43,0.2,0.31,0.52,0.2,,,0.0,0.0,0.0,0.0
0,30,0,0.3,0.0,0.0,0.0,0.0,0.0,0.0,0.0,1.0,0.0,0.0,0.0,0.0,0.0,0.0,0.0,,,0.0,0.0,0.0,0.0
1,96,0,1.1,0.0,0.0,0.0,0.0,0.0,0.0,3.0,0.0,0.0,0.0,0.0,0.0,0.0,0.0,0.0,,,0.0,0.0,0.0,0.0
1,236,1,2.6,1.0,1.0,0.0,0.0,0.0,1.2,6.0,38.0,0.38,0.76,0.76,0.46,0.54,1.0,0.46,,,0.0,0.0,0.0,0.0
7,854,0,9.5,0.0,0.0,0.0,0.0,0.0,0.1,25.0,17.0,0.0,0.0,0.0,0.01,0.03,0.04,0.01,,,0.0,0.0,0.0,0.0
6,612,1,6.8,0.0,1.0,0.0,0.0,0.0,0.4,23.0,21.0,0.15,0.15,0.15,0.06,0.09,0.16,0.06,,,0.0,0.0,0.0,0.0
15,236,0,13.7,0.0,0.0,0.0,0.0,0.0,0.6,35.0,20.0,0.0,0.0,0.0,0.04,0.01,0.06,0.04,,,0.0,0.0,0.0,0.0
23,827,5,20.3,2.0,5.0,0.0,0.0,0.0,4.1,116.0,109.0,0.25,0.34,0.34,0.2,0.05,0.26,0.2,,,0.0,0.0,0.0,0.0
23,028,7,22.5,3.0,7.0,0.0,0.0,0.0,9.9,45.0,85.0,0.31,0.44,0.44,0.44,0.13,0.57,0.44,,,0.0,0.0,0.0,0.0
13,257,1,14.0,1.0,1.0,0.0,0.0,0.0,1.7,51.0,28.0,0.07,0.14,0.14,0.12,0.09,0.2,0.12,,,0.0,0.0,0.0,0.0
0,2,0,0.0,0.0,0.0,0.0,0.0,0.0,0.0,0.0,0.0,0.0,0.0,0.0,0.0,0.0,0.0,0.0,,,0.0,0.0,0.0,0.0
1,263,1,2.9,0.0,1.0,0.0,0.0,0.0,0.9,4.0,15.0,0.34,0.34,0.34,0.32,0.17,0.49,0.32,,,0.0,0.0,0.0,0.0
25,150,7,23.9,1.0,7.0,0.0,0.0,0.0,5.3,66.0,58.0,0.29,0.33,0.33,0.22,0.04,0.26,0.22,,,0.0,0.0,0.0,0.0
Starts,Min,Gls,90s,0.0,0.0,0.0,0.0,0.0,0.0,0.0,0.0,0.0,0.0,0.0,0.0,0.0,0.0,0.0,,,0.0,0.0,0.0,0.0
21,818,0,20.2,0.0,0.0,0.0,0.0,0.0,0.3,93.0,21.0,0.0,0.0,0.0,0.01,0.02,0.03,0.01,,,0.0,0.0,0.0,0.0
14,334,1,14.8,2.0,1.0,0.0,0.0,1.0,0.5,88.0,63.0,0.07,0.2,0.2,0.03,0.11,0.15,0.03,,,0.0,0.0,0.0,0.0
0,1,0,0.0,0.0,0.0,0.0,0.0,0.0,0.0,0.0,0.0,0.0,0.0,0.0,0.0,0.0,0.0,0.0,,,0.0,0.0,0.0,0.0
2,180,0,2.0,0.0,0.0,0.0,0.0,0.0,0.0,0.0,0.0,0.0,0.0,0.0,0.0,0.0,0.0,0.0,,,0.0,0.0,0.0,0.0
12,984,0,10.9,0.0,0.0,0.0,0.0,2.0,0.3,45.0,1.0,0.0,0.0,0.0,0.02,0.01,0.04,0.02,,,0.0,0.0,0.0,0.0
5,355,0,3.9,2.0,0.0,0.0,0.0,0.0,1.3,15.0,63.0,0.0,0.51,0.51,0.33,0.1,0.43,0.33,,,0.0,0.0,0.0,0.0
1,170,0,1.9,0.0,0.0,0.0,0.0,0.0,0.1,1.0,5.0,0.0,0.0,0.0,0.06,0.0,0.06,0.06,,,0.0,0.0,0.0,0.0
6,540,0,6.0,0.0,0.0,0.0,0.0,0.0,0.0,1.0,0.0,0.0,0.0,0.0,0.0,0.0,0.0,0.0,,,0.0,0.0,0.0,0.0
6,548,2,6.1,0.0,2.0,0.0,0.0,0.0,0.4,21.0,2.0,0.33,0.33,0.33,0.07,0.01,0.08,0.07,,,0.0,0.0,0.0,0.0
27,314,12,25.7,2.0,12.0,0.0,0.0,0.0,9.2,25.0,96.0,0.47,0.54,0.54,0.36,0.09,0.45,0.36,,,0.0,0.0,0.0,0.0
15,467,1,16.3,1.0,1.0,0.0,0.0,0.0,0.5,68.0,76.0,0.06,0.12,0.12,0.03,0.14,0.17,0.03,,,0.0,0.0,0.0,0.0
11,972,1,10.8,1.0,1.0,0.0,0.0,0.0,1.1,20.0,67.0,0.09,0.19,0.19,0.1,0.07,0.16,0.1,,,0.0,0.0,0.0,0.0
7,786,1,8.7,1.0,1.0,0.0,0.0,0.0,1.6,18.0,71.0,0.11,0.23,0.23,0.19,0.19,0.38,0.19,,,0.0,0.0,0.0,0.0
13,979,4,10.9,0.0,4.0,0.0,0.0,0.0,3.4,18.0,46.0,0.37,0.37,0.37,0.31,0.02,0.33,0.31,,,0.0,0.0,0.0,0.0
24,120,5,23.6,3.0,5.0,0.0,0.0,0.0,6.8,106.0,115.0,0.21,0.34,0.34,0.29,0.21,0.5,0.29,,,0.0,0.0,0.0,0.0
0,12,0,0.1,0.0,0.0,0.0,0.0,0.0,0.0,0.0,0.0,0.0,0.0,0.0,0.0,0.0,0.0,0.0,,,0.0,0.0,0.0,0.0
32,871,1,31.9,1.0,1.0,0.0,0.0,0.0,1.1,74.0,3.0,0.03,0.06,0.06,0.04,0.08,0.12,0.04,,,0.0,0.0,0.0,0.0
16,531,3,17.0,5.0,3.0,0.0,0.0,0.0,5.2,95.0,103.0,0.18,0.47,0.47,0.3,0.17,0.47,0.3,,,0.0,0.0,0.0,0.0
2,266,0,3.0,0.0,0.0,0.0,0.0,0.0,0.0,8.0,6.0,0.0,0.0,0.0,0.0,0.03,0.03,0.0,,,0.0,0.0,0.0,0.0
1,555,1,6.2,0.0,1.0,0.0,0.0,0.0,0.6,37.0,17.0,0.16,0.16,0.16,0.1,0.09,0.19,0.1,,,0.0,0.0,0.0,0.0
5,402,2,4.5,0.0,1.0,1.0,1.0,0.0,1.8,9.0,35.0,0.45,0.45,0.22,0.41,0.13,0.54,0.23,,,0.0,0.0,0.0,0.0
15,271,0,14.1,2.0,0.0,0.0,0.0,0.0,1.0,42.0,39.0,0.0,0.14,0.14,0.07,0.05,0.12,0.07,,,0.0,0.0,0.0,0.0
1,132,0,1.5,0.0,0.0,0.0,0.0,0.0,0.1,2.0,4.0,0.0,0.0,0.0,0.07,0.05,0.11,0.07,,,0.0,0.0,0.0,0.0
7,603,0,6.7,0.0,0.0,0.0,0.0,0.0,0.1,20.0,9.0,0.0,0.0,0.0,0.02,0.02,0.04,0.02,,,0.0,0.0,0.0,0.0
32,735,2,30.4,6.0,2.0,0.0,1.0,0.0,3.0,211.0,39.0,0.07,0.26,0.26,0.1,0.21,0.31,0.07,,,0.0,0.0,0.0,0.0
Starts,Min,Gls,90s,0.0,0.0,0.0,0.0,0.0,0.0,0.0,0.0,0.0,0.0,0.0,0.0,0.0,0.0,0.0,,,0.0,0.0,0.0,0.0
1,158,0,1.8,0.0,0.0,0.0,0.0,0.0,0.2,9.0,14.0,0.0,0.0,0.0,0.12,0.47,0.59,0.12,,,0.0,0.0,0.0,0.0
26,327,1,25.9,2.0,1.0,0.0,0.0,0.0,1.2,141.0,104.0,0.04,0.12,0.12,0.05,0.03,0.08,0.05,,,0.0,0.0,0.0,0.0
14,305,0,14.5,0.0,0.0,0.0,0.0,0.0,0.2,26.0,4.0,0.0,0.0,0.0,0.01,0.0,0.01,0.01,,,0.0,0.0,0.0,0.0
0,47,0,0.5,0.0,0.0,0.0,0.0,0.0,0.0,2.0,4.0,0.0,0.0,0.0,0.03,0.0,0.03,0.03,,,0.0,0.0,0.0,0.0
0,7,0,0.1,0.0,0.0,0.0,0.0,0.0,0.2,1.0,0.0,0.0,0.0,0.0,2.37,0.0,2.37,2.37,,,0.0,0.0,0.0,0.0
22,090,3,23.2,2.0,3.0,0.0,0.0,0.0,3.5,93.0,42.0,0.13,0.22,0.22,0.15,0.04,0.19,0.15,,,0.0,0.0,0.0,0.0
19,639,0,18.2,0.0,0.0,0.0,0.0,0.0,0.5,72.0,4.0,0.0,0.0,0.0,0.03,0.0,0.03,0.03,,,0.0,0.0,0.0,0.0
3,335,0,3.7,1.0,0.0,0.0,0.0,0.0,0.0,8.0,13.0,0.0,0.27,0.27,0.01,0.18,0.18,0.01,,,0.0,0.0,0.0,0.0
16,516,2,16.8,5.0,2.0,0.0,0.0,0.0,3.8,57.0,138.0,0.12,0.42,0.42,0.22,0.24,0.47,0.22,,,0.0,0.0,0.0,0.0
0,1,0,0.0,0.0,0.0,0.0,0.0,0.0,0.0,0.0,0.0,0.0,0.0,0.0,0.0,0.0,0.0,0.0,,,0.0,0.0,0.0,0.0
5,450,0,5.0,0.0,0.0,0.0,0.0,0.0,0.0,0.0,0.0,0.0,0.0,0.0,0.0,0.0,0.0,0.0,,,0.0,0.0,0.0,0.0
0,4,0,0.0,0.0,0.0,0.0,0.0,0.0,0.0,0.0,1.0,0.0,0.0,0.0,0.0,0.0,0.0,0.0,,,0.0,0.0,0.0,0.0
11,027,0,11.4,1.0,0.0,0.0,0.0,0.0,0.1,68.0,37.0,0.0,0.09,0.09,0.01,0.06,0.07,0.01,,,0.0,0.0,0.0,0.0
23,091,5,23.2,5.0,5.0,0.0,0.0,1.0,5.6,85.0,185.0,0.22,0.43,0.43,0.24,0.22,0.46,0.24,,,0.0,0.0,0.0,0.0
6,576,0,6.4,1.0,0.0,0.0,0.0,0.0,0.1,60.0,28.0,0.0,0.16,0.16,0.02,0.21,0.23,0.02,,,0.0,0.0,0.0,0.0
16,355,0,15.1,1.0,0.0,0.0,0.0,1.0,0.2,45.0,8.0,0.0,0.07,0.07,0.01,0.02,0.03,0.01,,,0.0,0.0,0.0,0.0
22,744,0,19.4,1.0,0.0,0.0,0.0,0.0,0.3,117.0,92.0,0.0,0.05,0.05,0.02,0.07,0.09,0.02,,,0.0,0.0,0.0,0.0
19,532,1,17.0,0.0,1.0,0.0,0.0,0.0,0.8,49.0,18.0,0.06,0.06,0.06,0.05,0.03,0.08,0.05,,,0.0,0.0,0.0,0.0
13,267,0,14.1,1.0,0.0,0.0,0.0,0.0,0.7,47.0,19.0,0.0,0.07,0.07,0.05,0.07,0.12,0.05,,,0.0,0.0,0.0,0.0
2,345,2,3.8,1.0,2.0,0.0,0.0,0.0,2.7,12.0,22.0,0.52,0.78,0.78,0.72,0.1,0.82,0.72,,,0.0,0.0,0.0,0.0
32,880,2,32.0,1.0,2.0,0.0,0.0,0.0,1.7,156.0,6.0,0.06,0.09,0.09,0.05,0.02,0.07,0.05,,,0.0,0.0,0.0,0.0
30,421,7,26.9,3.0,6.0,1.0,1.0,0.0,9.4,20.0,104.0,0.26,0.37,0.33,0.35,0.11,0.46,0.32,,,0.0,0.0,0.0,0.0
1,181,0,2.0,0.0,0.0,0.0,0.0,0.0,0.1,7.0,3.0,0.0,0.0,0.0,0.07,0.0,0.07,0.07,,,0.0,0.0,0.0,0.0
19,643,0,18.3,0.0,0.0,0.0,0.0,0.0,0.5,79.0,32.0,0.0,0.0,0.0,0.03,0.03,0.05,0.03,,,0.0,0.0,0.0,0.0
10,905,0,10.1,2.0,0.0,0.0,0.0,0.0,0.6,47.0,1.0,0.0,0.2,0.2,0.06,0.12,0.17,0.06,,,0.0,0.0,0.0,0.0
Starts,Min,Gls,90s,0.0,0.0,0.0,0.0,0.0,0.0,0.0,0.0,0.0,0.0,0.0,0.0,0.0,0.0,0.0,,,0.0,0.0,0.0,0.0
30,700,0,30.0,1.0,0.0,0.0,0.0,0.0,0.0,2.0,0.0,0.0,0.03,0.03,0.0,0.0,0.0,0.0,,,0.0,0.0,0.0,0.0
16,391,0,15.5,0.0,0.0,0.0,0.0,0.0,0.1,32.0,2.0,0.0,0.0,0.0,0.01,0.01,0.01,0.01,,,0.0,0.0,0.0,0.0
20,800,0,20.0,0.0,0.0,0.0,0.0,0.0,0.0,1.0,0.0,0.0,0.0,0.0,0.0,0.0,0.0,0.0,,,0.0,0.0,0.0,0.0
0,4,0,0.0,0.0,0.0,0.0,0.0,0.0,0.0,0.0,1.0,0.0,0.0,0.0,0.83,0.0,0.83,0.83,,,0.0,0.0,0.0,0.0
9,970,0,10.8,0.0,0.0,0.0,0.0,0.0,0.1,64.0,11.0,0.0,0.0,0.0,0.01,0.04,0.05,0.01,,,0.0,0.0,0.0,0.0
30,648,0,29.4,2.0,0.0,0.0,0.0,0.0,0.6,129.0,127.0,0.0,0.07,0.07,0.02,0.09,0.11,0.02,,,0.0,0.0,0.0,0.0
6,540,0,6.0,0.0,0.0,0.0,0.0,0.0,0.0,0.0,0.0,0.0,0.0,0.0,0.0,0.0,0.0,0.0,,,0.0,0.0,0.0,0.0
30,704,2,30.0,2.0,2.0,0.0,0.0,0.0,1.0,118.0,131.0,0.07,0.13,0.13,0.03,0.09,0.12,0.03,,,0.0,0.0,0.0,0.0
1,135,0,1.5,0.0,0.0,0.0,0.0,0.0,0.0,0.0,0.0,0.0,0.0,0.0,0.0,0.0,0.0,0.0,,,0.0,0.0,0.0,0.0
0,1,0,0.0,0.0,0.0,0.0,0.0,0.0,0.0,0.0,0.0,0.0,0.0,0.0,0.0,0.0,0.0,0.0,,,0.0,0.0,0.0,0.0
7,672,0,7.5,1.0,0.0,0.0,0.0,0.0,0.4,36.0,2.0,0.0,0.13,0.13,0.05,0.14,0.19,0.05,,,0.0,0.0,0.0,0.0
5,400,0,4.4,1.0,0.0,0.0,0.0,1.0,0.1,16.0,3.0,0.0,0.23,0.23,0.01,0.25,0.26,0.01,,,0.0,0.0,0.0,0.0
26,167,14,24.1,6.0,12.0,2.0,2.0,0.0,14.1,23.0,135.0,0.58,0.83,0.75,0.59,0.11,0.7,0.52,,,0.0,0.0,0.0,0.0
8,617,0,6.9,0.0,0.0,0.0,0.0,0.0,0.0,40.0,2.0,0.0,0.0,0.0,0.0,0.07,0.08,0.0,,,0.0,0.0,0.0,0.0
19,686,8,18.7,4.0,8.0,0.0,0.0,0.0,7.8,36.0,71.0,0.43,0.64,0.64,0.42,0.05,0.47,0.42,,,0.0,0.0,0.0,0.0
3,209,0,2.3,0.0,0.0,0.0,0.0,0.0,0.0,6.0,10.0,0.0,0.0,0.0,0.0,0.02,0.02,0.0,,,0.0,0.0,0.0,0.0
4,516,0,5.7,3.0,0.0,0.0,0.0,0.0,1.0,30.0,89.0,0.0,0.52,0.52,0.17,0.44,0.61,0.17,,,0.0,0.0,0.0,0.0
13,122,0,12.5,1.0,0.0,0.0,0.0,0.0,0.3,102.0,10.0,0.0,0.08,0.08,0.02,0.23,0.25,0.02,,,0.0,0.0,0.0,0.0
8,766,0,8.5,1.0,0.0,0.0,0.0,0.0,0.4,34.0,19.0,0.0,0.12,0.12,0.04,0.08,0.13,0.04,,,0.0,0.0,0.0,0.0
4,514,1,5.7,1.0,1.0,0.0,0.0,0.0,0.5,37.0,9.0,0.18,0.35,0.35,0.09,0.14,0.23,0.09,,,0.0,0.0,0.0,0.0
22,054,1,22.8,2.0,1.0,0.0,0.0,0.0,2.2,70.0,77.0,0.04,0.13,0.13,0.1,0.06,0.16,0.1,,,0.0,0.0,0.0,0.0
1,161,0,1.8,0.0,0.0,0.0,0.0,0.0,0.1,27.0,17.0,0.0,0.0,0.0,0.07,0.13,0.2,0.07,,,0.0,0.0,0.0,0.0
9,872,0,9.7,2.0,0.0,0.0,0.0,0.0,0.9,34.0,68.0,0.0,0.21,0.21,0.09,0.17,0.26,0.09,,,0.0,0.0,0.0,0.0
1,239,0,2.7,0.0,0.0,0.0,0.0,0.0,0.3,3.0,7.0,0.0,0.0,0.0,0.13,0.02,0.15,0.13,,,0.0,0.0,0.0,0.0
8,839,5,9.3,1.0,5.0,0.0,0.0,0.0,3.2,42.0,71.0,0.54,0.64,0.64,0.35,0.11,0.45,0.35,,,0.0,0.0,0.0,0.0
Starts,Min,Gls,90s,0.0,0.0,0.0,0.0,0.0,0.0,0.0,0.0,0.0,0.0,0.0,0.0,0.0,0.0,0.0,,,0.0,0.0,0.0,0.0
17,538,0,17.1,2.0,0.0,0.0,0.0,0.0,0.2,101.0,11.0,0.0,0.12,0.12,0.01,0.07,0.09,0.01,,,0.0,0.0,0.0,0.0
0,23,0,0.3,0.0,0.0,0.0,0.0,0.0,0.0,0.0,2.0,0.0,0.0,0.0,0.0,0.0,0.0,0.0,,,0.0,0.0,0.0,0.0
28,380,15,26.4,2.0,15.0,0.0,0.0,0.0,14.3,55.0,128.0,0.57,0.64,0.64,0.54,0.07,0.61,0.54,,,0.0,0.0,0.0,0.0
29,434,18,27.0,3.0,15.0,3.0,3.0,0.0,11.0,33.0,74.0,0.67,0.78,0.67,0.41,0.07,0.48,0.32,,,0.0,0.0,0.0,0.0
7,624,0,6.9,0.0,0.0,0.0,0.0,0.0,0.2,17.0,0.0,0.0,0.0,0.0,0.03,0.0,0.04,0.03,,,0.0,0.0,0.0,0.0
10,007,0,11.2,0.0,0.0,0.0,0.0,0.0,0.0,15.0,0.0,0.0,0.0,0.0,0.0,0.0,0.0,0.0,,,0.0,0.0,0.0,0.0
9,964,0,10.7,0.0,0.0,0.0,0.0,0.0,0.6,42.0,40.0,0.0,0.0,0.0,0.06,0.02,0.08,0.06,,,0.0,0.0,0.0,0.0
17,742,2,19.4,1.0,2.0,0.0,0.0,0.0,2.3,45.0,12.0,0.1,0.15,0.15,0.12,0.06,0.18,0.12,,,0.0,0.0,0.0,0.0
10,967,0,10.7,0.0,0.0,0.0,0.0,0.0,0.7,43.0,4.0,0.0,0.0,0.0,0.07,0.0,0.07,0.07,,,0.0,0.0,0.0,0.0
17,586,1,17.6,3.0,1.0,0.0,0.0,1.0,0.3,81.0,25.0,0.06,0.23,0.23,0.02,0.09,0.1,0.02,,,0.0,0.0,0.0,0.0
29,572,0,28.6,0.0,0.0,0.0,0.0,1.0,1.0,104.0,3.0,0.0,0.0,0.0,0.03,0.02,0.05,0.03,,,0.0,0.0,0.0,0.0
3,360,0,4.0,0.0,0.0,0.0,0.0,0.0,0.2,25.0,9.0,0.0,0.0,0.0,0.04,0.01,0.05,0.04,,,0.0,0.0,0.0,0.0
14,402,3,15.6,1.0,3.0,0.0,0.0,0.0,4.8,44.0,69.0,0.19,0.26,0.26,0.31,0.1,0.41,0.31,,,0.0,0.0,0.0,0.0
21,865,2,20.7,4.0,1.0,1.0,1.0,0.0,4.2,198.0,126.0,0.1,0.29,0.24,0.2,0.2,0.41,0.17,,,0.0,0.0,0.0,0.0
